-- MySQL dump 10.13  Distrib 5.7.15, for Linux (x86_64)
--
-- Host: localhost    Database: fftcgdb
-- ------------------------------------------------------
-- Server version	5.7.15-0ubuntu0.16.04.1

/*!40101 SET @OLD_CHARACTER_SET_CLIENT=@@CHARACTER_SET_CLIENT */;
/*!40101 SET @OLD_CHARACTER_SET_RESULTS=@@CHARACTER_SET_RESULTS */;
/*!40101 SET @OLD_COLLATION_CONNECTION=@@COLLATION_CONNECTION */;
/*!40101 SET NAMES utf8 */;
/*!40103 SET @OLD_TIME_ZONE=@@TIME_ZONE */;
/*!40103 SET TIME_ZONE='+00:00' */;
/*!40014 SET @OLD_UNIQUE_CHECKS=@@UNIQUE_CHECKS, UNIQUE_CHECKS=0 */;
/*!40014 SET @OLD_FOREIGN_KEY_CHECKS=@@FOREIGN_KEY_CHECKS, FOREIGN_KEY_CHECKS=0 */;
/*!40101 SET @OLD_SQL_MODE=@@SQL_MODE, SQL_MODE='NO_AUTO_VALUE_ON_ZERO' */;
/*!40111 SET @OLD_SQL_NOTES=@@SQL_NOTES, SQL_NOTES=0 */;

--
-- Table structure for table `cards`
--

DROP TABLE IF EXISTS `cards`;
/*!40101 SET @saved_cs_client     = @@character_set_client */;
/*!40101 SET character_set_client = utf8 */;
CREATE TABLE `cards` (
  `id` int(10) unsigned NOT NULL AUTO_INCREMENT,
  `name` varchar(255) COLLATE utf8_unicode_ci DEFAULT NULL,
  `cost` int(11) DEFAULT NULL,
  `element` varchar(255) COLLATE utf8_unicode_ci DEFAULT NULL,
  `type` varchar(255) COLLATE utf8_unicode_ci DEFAULT NULL,
  `job` varchar(255) COLLATE utf8_unicode_ci DEFAULT NULL,
  `category` varchar(255) COLLATE utf8_unicode_ci DEFAULT NULL,
  `text` text COLLATE utf8_unicode_ci,
  `card_number` varchar(255) COLLATE utf8_unicode_ci NOT NULL,
  `rarity` varchar(255) COLLATE utf8_unicode_ci DEFAULT NULL,
  `power` int(11) DEFAULT NULL,
  `created_at` timestamp NULL DEFAULT NULL,
  `updated_at` timestamp NULL DEFAULT NULL,
  `deleted_at` timestamp NULL DEFAULT NULL,
  PRIMARY KEY (`id`)
) ENGINE=InnoDB AUTO_INCREMENT=217 DEFAULT CHARSET=utf8 COLLATE=utf8_unicode_ci;
/*!40101 SET character_set_client = @saved_cs_client */;

--
-- Dumping data for table `cards`
--

LOCK TABLES `cards` WRITE;
/*!40000 ALTER TABLE `cards` DISABLE KEYS */;
INSERT INTO `cards` VALUES (1,'Auron',6,'fire','forward','Guardian','X','When Auron deals damage to your opponent, you may play 1 Fire Backup from your hand onto the field dull','1','H',9000,NULL,'2016-11-02 23:46:14',NULL),(2,'Auron',5,'fire','forward','Guardian','X','The Backups you control cannot be broken by your opponent\'s Summons or abilities.','2','R',9000,NULL,'2016-11-02 23:48:39',NULL),(3,'Red Mage',2,'fire','backup','Standard Unit','III','Choose 1 Forward. It cannot block this turn.','3','C',0,NULL,'2016-11-02 23:50:44',NULL),(4,'Ifrit',1,'fire','summon','','FFT','EX BURST Choose 1 Forward. Deal it 4000 damage.','4','C',0,NULL,'2016-11-02 23:51:32',NULL),(5,'Warrior of Light',2,'fire','forward','Warrior','DFF - I','If Warrior of Light deals damage to a Forward of cost 4 or more, double the damage instead.','5','R',5000,NULL,'2016-11-02 23:52:41',NULL),(6,'Garland',5,'fire','forward','Knight','DFF - I','Brave\r\nWhen Garland attacks, Garland gains +4000 power until the end of the turn.','6','H',8000,NULL,'2016-11-02 23:53:34',NULL),(7,'Gadot',2,'fire','forward','NORA','XIII','When Gadot enters the field, you may play 1 Fire Forward of cost 2 or less from your hand onto the field.\r\nWhen Gadot enters the field, all the Forwards you control gain +1000 power until the end of the turn.','7','R',4000,NULL,'2016-11-02 23:55:18',NULL),(8,'Ranger',2,'fire','backup','Standard Unit','III','Choose 1 Forward of cost 3 or less. Deal it 2000 damage.','8','C',0,NULL,'2016-11-02 23:56:40',NULL),(9,'Cloud',2,'fire','forward','SOLDIER','VII','If you control a [Category (VII)] Forward other than Cloud, Could gains +2000 power.\r\nWhen Cloud enters the field, choose 1 Forward opponent controls. Deal it 2000 damage.','9','C',5000,NULL,'2016-11-02 23:57:49',NULL),(10,'Black Mage',2,'fire','backup','Standard Unit','III',', put Black Mage into the Break Zone: Choose 1 Forward. Deal it 4000 damage.','10','C',0,NULL,'2016-11-02 23:58:43',NULL),(11,'Evoker',1,'fire','backup','III','Standard Unit','','11','C',0,NULL,'2016-11-02 23:59:05',NULL),(12,'Zack',3,'fire','forward','SOLDIER','VII','If you control [Card Name (Aerith)], Zack gains +2000 power.\r\nWhen Zack enters the field, choose 1 Forward opponent controls. Deal it 2000 damage.','12','R',6000,NULL,'2016-11-03 00:00:11',NULL),(13,'Sazh',3,'fire','backup','Ravager','XIII',': Chose 1 Forward. Deal it 2000 damage. Sazh will not activate during your next Active Phase. If you have cast [Card Name (Brynhildr)] this turn, deal that Forward 4000 damage instead. Sazh will not activate during your next Active Phase.','13','H',0,NULL,'2016-11-03 00:02:07',NULL),(14,'Samurai',3,'fire','forward','Standard Unit','FFT','Brave (Attacking does not cause this Forward to dull.)','14','C',6000,NULL,'2016-11-03 00:03:21',NULL),(15,'Jecht',5,'fire','forward','Guardian','DFF - X','For each Forward opponent controls, Jecht gains +1000 power.\r\nUltimate Jecht Shot : Choose 1 Forward. Break it.','15','L',8000,NULL,'2016-11-03 00:05:21',NULL),(16,'Tifa',2,'fire','forward','Martial Artist','VII','Haste (This Character can attach or use abilities containing [dull] in the cost the turn it enters the field.)','16','C',4000,NULL,'2016-11-03 00:06:36',NULL),(17,'Dajh',2,'fire','backup','L\'Cie','XIII','If you control [Card Name (Sazh)], it cannot be chosen by your opponent\'s Summons or abilities.','17','R',0,NULL,'2016-11-03 00:07:29',NULL),(18,'Bahamut',9,'fire','summon','','XIII','Choose up to 2 Forwards opponent controls. Deal them 10000 damage. If they are put from the field into the Break Zone this turn, remove them from the game instead.','18','L',0,NULL,'2016-11-03 00:08:45',NULL),(19,'Chocobo Chick',2,'fire','backup','Chocobo Chick','XIII','[fire][dull]: Choose 1 Fire Backup. Activate it.','19','C',0,NULL,'2016-11-03 00:09:48',NULL),(20,'Fang',4,'fire','forward','Commando','XIII','The cost required to cast [Card Name (Bahamut)] is reduced by 2 (it cannot become 0).\r\nWhen Fang attacks, Fang gains First Strike until the end of the turn.','20','R',7000,NULL,'2016-11-03 00:10:58',NULL),(21,'Firion',4,'fire','forward','Rebel','II','When Firion enters the field, choose 1 Forward. Deal it 4000 damage.','21','H',8000,NULL,'2016-11-03 00:11:39',NULL),(22,'Firion',4,'fire','forward','Warrior','DFF - II','[1]: Firion gains First Strike until the end of the turn.\r\n[1]: Firion gains Brave until the end of the turn\r\n[2]: Choose 1 Forward. Deal it 1000 damage.\r\n[2]: Firion gains +1000 power until the end of the turn.','22','R',7000,NULL,'2016-11-03 00:13:11',NULL),(23,'Brynhildr',3,'fire','summon','','XIII','EX BURST Choose 1 Forward. Deal it 7000 damage.','23','R',0,NULL,'2016-11-03 00:13:53',NULL),(24,'Magus',3,'fire','backup','Standard Unit','III','When Magus enters the field, deal 3000 damage to all the Forwards opponent controls.','24','C',0,NULL,'2016-11-03 00:15:00',NULL),(25,'Squire',2,'fire','forward','Standard Unit','FFT','','25','C',5000,NULL,'2016-11-03 00:15:24',NULL),(26,'Squire',1,'fire','forward','Standard Unit','FFT','','26','C',3000,NULL,'2016-11-03 00:15:55',NULL),(27,'Lann',3,'fire','forward','Mirage Keeper','WOFF','Lann cannot be blocked by a Forward with a power greater than his.\r\nLann cannot block a Forward with a power greater than his.','27','H',7000,NULL,'2016-11-03 00:16:50',NULL),(28,'Reynn',4,'fire','backup','Mirage Keeper ','WOFF','EX BURST When Reynn enters the field, you may search for 1 [Card Name (Lann)] and add it to your hand.\r\n[fire][1][dull]: Choose 1 [Card Name (Lann)]. It gains +1000 power until the end of the turn.','28','R',0,NULL,'2016-11-03 00:18:28',NULL),(29,'Red XIII',2,'fire','forward','Warrior','VII','First Strike (If this Forward blocks or is blocked by a Forward without First Strike, this Forward deals damage first.)','29','C',5000,NULL,'2016-11-03 00:19:59',NULL),(30,'Lebreau',3,'fire','backup','NORA','XIII','The Fire Forwards you control gain +1000 power,','30','R',0,NULL,'2016-11-03 00:20:45',NULL),(31,'Chemist',3,'ice','backup','Standard Unit','FFT','When Chemist enters the field, choose 1 Forward. Dull it,','31','C',0,NULL,'2016-11-03 00:21:41',NULL),(32,'Chemist',2,'ice','backup','Standard Unit','FFT','When Chemist enters the field, choose 1 Forward. It cannot be broken this turn.','32','C',0,NULL,'2016-11-03 00:23:17',NULL),(33,'Argath',2,'ice','forward','FFT','Squire','When Argath enters the field, your opponent discards 1 card from his/her hand.','33','C',3000,NULL,'2016-11-03 00:24:23',NULL),(34,'Orran',3,'ice','backup','Astrologer','FFT','Celestial Stasis [s][ice][ice][ice][dull]: Dull all the Forwards opponent controls.','34','R',0,NULL,'2016-11-03 00:25:37',NULL),(35,'Bard',2,'ice','forward','Standard Unit','III','[ice][ice][dull]: Choose 1 Forward. Dull it.','35','C',4000,NULL,'2016-11-03 00:32:48',NULL),(36,'Bard',2,'ice','backup','Standard Unit','III','[ice][dull], put Bard into the Break Zone: Your opponent discards 1 card from his/her hand.','36','C',0,NULL,'2016-11-03 00:34:03',NULL),(37,'Kuja',5,'ice','forward','Genome','DFF-IX','When Kuja is chosen by a Summon or an ability of your opponent, your opponent discards 1 card from his/her hand.','37','H',9000,NULL,'2016-11-03 00:35:11',NULL),(38,'Shiva',3,'ice','summon','','XIII','EX BURST Choose 1 Forward. Dull it and Freeze it.','38','R',0,NULL,'2016-11-03 00:35:45',NULL),(39,'Shiva',1,'ice','summon','','FFT','EX BURST Choose 1 dull Forward. Deal it 5000 damage.','39','C',0,NULL,'2016-11-03 00:36:33',NULL),(40,'Summoner',1,'ice','backup','Standard Unit','FFT','','40','C',0,NULL,'2016-11-03 00:37:00',NULL),(41,'Squall',3,'ice','forward','SeeD','VII','When Squall blocks or is blocked, choose 1 Forward. You may deal it 6000 damage.\r\nRenzokuken [s][ice]: Squall gains First Strike until the end of the turn.','41','L',6000,NULL,'2016-11-03 00:38:10',NULL),(42,'Squall',4,'ice','forward','SeeD','DFF - VIII','If you control [Card Name (Laguna)], Squall gains +3000 power.\r\nWhen Squall enters the field, each player discards 1 card from his/her hand. If you control [Card Name (Laguna)], your opponent discards 1 more card from his/her hand.','42','R',6000,NULL,'2016-11-03 00:40:03',NULL),(43,'Snow',1,'ice','forward','Commando','XIII','When Snow attacks, choose 1 Forward opponent controls. Dull it. If you have cast [Card Name (Shiva)] this turn, Freeze it also.','43','H',3000,NULL,'2016-11-03 00:41:13',NULL),(44,'Sephiroth',5,'ice','forward','SOLDIER','VII','First Strike\r\nWhen Sephiroth enters the field, each player discards 2 cards from his/her hand.','44','R',7000,NULL,'2016-11-03 00:42:09',NULL),(45,'Serah',2,'ice','backup','L\'Cie','XIII','If you control [Card Name (Snow)], it cannot be  chosen by your opponent\'s abilities.','45','R',0,NULL,'2016-11-03 00:43:04',NULL),(46,'Terra',3,'ice','forward','Magitek Knight','DFF - VI','The cost required for your opponent to cast Summons increases by 1.\r\nTerra cannot be chosen by opponent\'s Summons.\r\nTrance [s][ice][ice]: Until the end of the turn, Terra gains +3000 power and First Strike','46','H',6000,NULL,'2016-11-03 00:44:38',NULL),(47,'Terra',4,'ice','forward','Magitek Knight','DFF - VI','When Terra enters the field, choose up to 2 dull Forwards opponent controls. Deal them 4000 damage.\r\n[ice] Choose 1 dull Forward. Deal it 1000 damage.\r\nMagic Charge [s]: Terra gains \"If Terra deals damage to a Forward, double the damage\" until the end of the turn.','47','R',7000,NULL,'2016-11-03 00:46:09',NULL),(48,'Devout',4,'ice','backup','Standard Unit','III','[dull], put Devout into the Break Zone: Choose 1 Forward of cost 4or less from your Break Zone. Play it onto the field. You can only use this ability during your turn.','48','C',0,NULL,'2016-11-03 00:48:28',NULL),(49,'Time Mage',2,'ice','forward','Standard Unit','FFT','[ice][dull]: Choose 1 Forward. It cannot attack this turn.','49','C',0,NULL,'2016-11-03 00:49:21',NULL),(50,'Knight',3,'ice','forward','Standard Unit','FFT','','50','C',7000,NULL,'2016-11-03 00:49:42',NULL),(51,'Nooj',3,'ice','forward','Mevyn','X','When Nooj enters the field, your opponent discards 1 card from his/her hand.\r\nWhen Nooj leaves the field, your opponent draws 1 card.','51','R',7000,NULL,'2016-11-03 00:50:32',NULL),(52,'Hades',5,'ice','summon','','VII','Choose 1 Forward and 1 Backup opponent controls. Dull the Forward and return the Backup to its owner\'s hand. Your opponent discards 1 card from his/her hand.','52','R',0,NULL,'2016-11-03 00:51:33',NULL),(53,'Summoner',3,'ice','backup','Standard Unit','III','[ice], put Summoner into the Break Zone: Choose 1 Summon. Cancel its effect.','53','C',0,NULL,'2016-11-03 00:52:57',NULL),(54,'Dark Knight',4,'ice','forward','Standard Unit','III','[ice][ice]: Deal 1000 damage to all the Forwards opponent controls.','54','C',7000,NULL,'2016-11-03 00:53:36',NULL),(55,'Dark Knight',3,'ice','forward','Standard Unit','III','When Dark Knight is put from the field into the Break Zone, Dark Knight deals you 1 point of damage,','55','C',8000,NULL,'2016-11-03 00:54:24',NULL),(56,'Josef',4,'ice','forward','Rebel','II','Brave\r\n[dull], put Joseph into the Break Zone: Choose 1 blocking Forward. It cannot be broken this turn.','56','H',8000,NULL,'2016-11-03 00:55:14',NULL),(57,'Duke Larg',3,'ice','backup','Duke','FFT','The Ice Forwards you control gain +1000 power.','57','R',0,NULL,'2016-11-03 00:55:49',NULL),(58,'Laguna',5,'ice','forward','Marksman','VII','When Leguna deals damage to your opponent, choose 1 dull Forward. you may deal it 7000 damage,\r\nDesperado [s][ice][ice]: Choose 1 dull Forward. Deal it 9000 damage.','58','L',9000,NULL,'2016-11-03 00:57:35',NULL),(59,'Laguna',4,'ice','forward','Marksman','DFF - VIII','EX BURST When Laguna enters the field, choose 1 Forward opponent controls. Dull it. If you control [Card Name (Squall)], Freeze this forward also.\r\nIf you control [Card Name (Squall)], Laguna gains +2000 power.','59','R',7000,NULL,'2016-11-03 00:59:20',NULL),(60,'Leon',3,'ice','forward','Dark Knight','II','When Leon enters the field, your opponent may play 1 Character Card from his/her hand onto the field.','60','H',9000,NULL,'2016-11-03 01:00:06',NULL),(61,'Alexander',4,'wind','summon','','XII','EX BURST Choose 1 Forward of cost 5 or more. Break it.','61','R',0,NULL,'2016-11-03 01:00:58',NULL),(62,'Valefor',5,'wind','summon','','X','Return all Forwards to their owners\' hands.','62','L',0,NULL,'2016-11-03 01:01:35',NULL),(63,'Vaan',5,'wind','forward','Sky Pirate','DFF - XII','When Vaan enters the field, you may play 1 Wind Forward of cost 3 or less from your hand onto the field.\r\nWhen Vaan attacks, choose up to 2 Backups you control. Activate them.','63','H',7000,NULL,'2016-11-03 01:02:41',NULL),(64,'Aerith',3,'wind','backup','Ancient','VII','When Aerith enters the field, choose up to 3 Backups you control other than Aerith. Activate them.\r\nPlanet Protector [s][dull]: Activate all Forwards you control. They cannot be chosen by Summons or abilities this turn.','64','R',0,NULL,'2016-11-03 01:04:15',NULL),(65,'Aerith',2,'wind','backup','Ancient','VII','When Aerith enters the field, choose 1 Backup you control other than Aerith. Activate it.','65','C',0,NULL,'2016-11-03 01:05:28',NULL),(66,'Dancer',3,'wind','backup','Standard Unit','FFT','[dull]: Deal 1000 damage to all the Forwards opponent controls.','66','C',0,NULL,'2016-11-03 01:06:20',NULL),(67,'Onion Knight',4,'wind','forward','Ninja','DFF - III','When Onion Knight enters the field, choose 1 Backup you control. Activate it.','67','R',8000,NULL,'2016-11-03 01:07:07',NULL),(68,'Evoker',1,'wind','backup','Standard Unit','III','','68','C',0,NULL,'2016-11-03 01:07:34',NULL),(69,'Thief',2,'wind','forward','Standard Unit','III','When Thief enters the field, your opponent puts the top card of his/her deck into the Break Zone.','69','C',5000,NULL,'2016-11-03 01:08:28',NULL),(70,'Thief',2,'wind','backup','Standard Unit','III','When Thief enters the field, your opponent puts the top card of his/her deck into the Break Zone.','70','C',0,NULL,'2016-11-03 01:09:32',NULL),(71,'Zidane',2,'wind','forward','Genome','DFF - IX','Zidane cannot be chosen by your opponent\'s Summons or abilities\r\nZidane cannot be blocked by a Forward of cost 4 or more','71','L',3000,NULL,'2016-11-03 01:10:40',NULL),(72,'Cid Highwind',4,'wind','forward','Pilot','VII','When the Forward that took damage from Cid Highwind is put from the field into the Break Zone on the same turn, your opponent puts the top 2 cards of his/her deck into the Break Zone.\r\nHighwind [s][dull]: Your opponent puts the top 2 cards of his/her deck into the Break Zone.','72','R',8000,NULL,'2016-11-03 01:12:41',NULL),(73,'Cid Highwind',2,'wind','forward','Pilot','VII','When the Forward that took damage from Cid Highwind is put from the field into the Break Zone on the same turn, your opponent puts the top 2 cards of his/her deck into the Break Zone.','73','C',5000,NULL,'2016-11-03 01:13:46',NULL),(74,'Sylph',1,'wind','summon','','FFT','EX BURST Choose 1 Forward. Activate it. All the Forwards you control gain +1000 power until the end of the turn.','74','R',0,NULL,'2016-11-03 01:14:48',NULL),(75,'Chocobo',3,'wind','forward','Standard Unit','VII','Haste\r\nWhen Chocobo forms a party and attacks, Chocobo and all the Forwards forming a party with it gain +3000 power until the end of the turn.','75','C',4000,NULL,'2016-11-03 01:16:09',NULL),(76,'Chocobo',1,'wind','forward','Standard Unit','VII','When Chocobo forms a party and attacks, Chocobo and all the Forwards forming a party with it gain +2000 power until the end of the turn.','76','C',3000,NULL,'2016-11-03 01:17:21',NULL),(77,'Devout',5,'wind','backup','Standard Unit','III','When Devout enters the field, choose 1 Forward of cost 2 or less from your Break Zone. Play it onto the field.','77','C',0,NULL,'2016-11-03 01:18:39',NULL),(78,'Ninja',3,'wind','forward','Standard Unit','III','[wind], discard 1 card from your hand: Choose 1 Forward. Deal it 2000 damage.','78','C',6000,NULL,'2016-11-03 01:19:28',NULL),(79,'Nora',3,'wind','backup','Mother','XIII','EX BURST When Nora enters the field, you may search for 1 [Card name (Hope)] and add it to your hand.','79','R',0,NULL,'2016-11-03 01:20:13',NULL),(80,'Bartz',5,'wind','forward','Wanderer','DFF - V','EX BURST When Bartz enters the field, activate all the Wind Characters you control.','80','H',9000,NULL,'2016-11-03 01:20:59',NULL),(81,'Bartz',4,'wind','forward','Wanderer','DFF - V','Bartz has all the jobs.','81','R',8000,NULL,'2016-11-03 01:21:46',NULL),(82,'Hope',3,'wind','forward','Ravager','XIII','When Hope enters the field, choose 1 Backup you control. Activate it. If you have cast [Card Name(Alexander)] this turn, activate all the Backups you control instead.','82','R',7000,NULL,'2016-11-03 01:22:47',NULL),(83,'Maria',4,'wind','backup','Rebel','II','The Forwards you control gain +1000 power,','83','H',0,NULL,'2016-11-03 01:23:27',NULL),(84,'Y\'shtola',2,'wind','forward','Scion of the Seventh Dawn','DFF - XIV','[wind]: Choose 1 Forward. Deal it 1000 damage.\r\n[dull]: Choose 1 Forward. Deal it 2000 damage.','84','H',3000,NULL,'2016-11-03 01:24:32',NULL),(85,'Yuffie',3,'wind','forward','Ninja','VII','Yuffie cannot be blocked by a Forward of cost 4 or more.\r\nBloodfest [s][dull]: Choose up to 3 Forwards. Divide 6000 damage among them as you like. (Unit must be 1000.)','85','R',6000,NULL,'2016-11-03 01:25:33',NULL),(86,'Yuffie',1,'wind','forward','Ninja','VII','Yuffie cannot be blocked by a Forward of cost 3 or more.','86','C',3000,NULL,'2016-11-03 01:26:20',NULL),(87,'Archer',1,'wind','forward','Standard Unit','FFT','First Strike (If this Forward blocks or is blocked by a Forward that doesn\'t have First Strike, this Forward deals damage first.)','87','C',3000,NULL,'2016-11-03 01:27:24',NULL),(88,'Archer',2,'wind','backup','Standard Unit','FFT','[wind][wind][dull], put Archer into the Break Zone: Choose 1 Backup of cost 3 or less. Break it.','88','C',0,NULL,'2016-11-03 01:28:24',NULL),(89,'Rikku',2,'wind','backup','Al Bhed','X','[wind][dull]: Your opponent puts 1 card from the top of his/her deck into the Break Zone.\r\nMug [s][wind][dull]: Your opponent puts the top 2 cards of his/her deck into the Break Zone. You draw 1 card.','89','H',0,NULL,'2016-11-03 01:30:06',NULL),(90,'Rikku',4,'wind','forward','Al Bhed','X','When Rikki enters the field, choose up to 5 Backups you control. Return them to their owners\' hands.','90','R',7000,NULL,'2016-11-03 01:30:52',NULL),(91,'Amodar',4,'earth','backup','Lieutenant','XIII','EX BURST When Amodar enters the field, you may search for 1 [Card Name (Lightning)] or [Card Name (Snow)] and add it to your hand.','91','R',0,NULL,'2016-11-03 01:35:36',NULL),(92,'Dark Knight',2,'earth','forward','Standard Unit','FFT','For each point of damage you have received, Dark Knight gains +1000 power.','92','C',3000,NULL,'2016-11-03 01:35:45',NULL),(93,'Vanille',4,'earth','forward','Saboteur','XIII','When Vanille is put from the field into the Break Zone, search for 1 [Card Name (Hecatoncheir)] and remove it from the game. If you do so, return Vanille onto the field dull.','93','H',7000,NULL,'2016-11-03 01:35:53',NULL),(94,'Vincent',5,'earth','forward','Gunslinger','VII','When Vincent attachs, Vincent gains First Strike until the end of the turn.','94','R',9000,NULL,'2016-11-03 01:36:01',NULL),(95,'Enna Kros',3,'earth','backup','Creator of Worlds','WOFF','The Earth Forwards you control gain +1000 power','95','R',0,NULL,'2016-11-03 01:36:55',NULL),(96,'Mystic',2,'earth','forward','Standard Unit','FFT','Put 1 Backup into the Break Zone: Mystic gains +3000 power until the end of the turn.','96','C',3000,NULL,'2016-11-03 01:37:38',NULL),(97,'Guy',4,'earth','forward','Rebel','II','Brave\r\nGuy cannot become dull by your opponent\'s Summons or abilities.','97','H',8000,NULL,'2016-11-03 01:38:21',NULL),(98,'Gabranth',6,'earth','forward','Judge','DFF - XII','For each point of damage you have received, Gabranth gains +1000 power.\r\nIf you have received 6 points of damage or more, Gabranth gains Brave.','98','R',8000,NULL,'2016-11-03 01:40:06',NULL),(99,'Black Belt',4,'earth','forward','III','Standard Unit','','99','C',8000,NULL,'2016-11-03 01:40:35',NULL),(100,'Black Belt',2,'earth','backup','Standard Unit','III','[earth][dull]: Choose 1 blocking Forward. It gains +1000 power until the end of the turn.','100','C',0,NULL,'2016-11-03 01:41:31',NULL),(101,'Gippal',4,'earth','forward','Faction Leader','X','EX BURST When Gippal enters the field, all the Forwards you control gain +4000 power until the end of the turn.','101','R',8000,NULL,'2016-11-03 01:42:25',NULL),(102,'Kimahri',4,'earth','forward','Guardian','X','Ronso Rage [s][earth][earth]: Choose 1 Forward opponent controls. Kimahri gains its Special Ability until the end of the turn. You can use this ability without paying any cost but only once.','102','H',8000,NULL,'2016-11-03 01:43:47',NULL),(103,'Kimahri',2,'earth','backup','Guardian','X','Kimahri gains Elements of all the Characters opponent controls except Light and Dark.','103','C',0,NULL,'2016-11-03 01:44:34',NULL),(104,'Kefka',4,'earth','backup','Mage','DFF - VI','[dull]: Choose 1 Forward you control. It gains +5000 power until the end of the turn. At the end of the turn, break it.','104','H',0,NULL,'2016-11-03 01:45:30',NULL),(105,'Evoker',1,'earth','backup','Standard Unit','III','','105','C',0,NULL,'2016-11-03 01:45:59',NULL),(106,'Golem',1,'earth','summon','','FFT','EX BURST Choose 1 Forward. It gains +2000 power until the end of the turn. If it is blocking, it gains +4000 power until the end of the turn instead.','106','C',0,NULL,'2016-11-03 01:47:09',NULL),(107,'Shantotto',7,'earth','backup','Mage','DFF - XI','If Shantotto is on the field, it gains Elements of Fire, Ice, Wind, Earth, Lightning and Water.\r\nWhen Shantotto enters the field, remove all the Forwards from the game.','107','L',0,NULL,'2016-11-03 01:48:12',NULL),(108,'Cecil',3,'earth','forward','Dark Knight','DFF - IV','When you receive damage, choose 1 Forward opponent controls, You may deal it 5000 damage.','108','H',7000,NULL,'2016-11-03 01:49:09',NULL),(109,'Serafie',2,'earth','forward','Companion','WOFF','EX BURST When Serafie enters the field, each player selects 1 Forward from his/her Break Zone and adds it to his/her hand.','109','R',6000,NULL,'2016-11-03 01:50:11',NULL),(110,'Titan',2,'earth','summon','','FFT','Choose 1 Forward you control. Dull it. It cannot be broken this turn.','110','C',0,NULL,'2016-11-03 01:50:57',NULL),(111,'Tama',2,'earth','backup','Companion','WOFF','[x][dull], put Tama into the Break Zone: Play 1 Character Card of cost X or less from your hand onto the field.','111','C',0,NULL,'2016-11-03 01:51:44',NULL),(112,'Delita',3,'earth','forward','Knight','FFT','When Delita enters the field, choose 1 Character you control. Break it.\r\nNorthswain\'s Strike [s][earth]: Choose 1 Forward blocking Delita. Break it.','112','R',9000,NULL,'2016-11-03 01:53:23',NULL),(113,'Delita',2,'earth','forward','Warrior','FFT','When Delita blocks, Delita gains +2000 power until the end of the turn.','113','C',5000,NULL,'2016-11-03 01:54:10',NULL),(114,'Barret',3,'earth','forward','AVALANCHE Operative','VII','Hammer Blow [s][earth][earth]: Choose 1 Forward. Deal it 4000 damage. Barret gains +4000 power until the end of the turn.','114','R',7000,NULL,'2016-11-03 01:55:17',NULL),(115,'Geomancer',2,'earth','backup','Standard Unit','III','When Geomancer enters the field, choose 1 Forward. It gains Brave until the end of the turn.','115','C',0,NULL,'2016-11-03 01:55:58',NULL),(116,'Prishe',5,'earth','forward','Abhorrent One','DFF - XI','When Prishe blocks, Prishe gains +4000 power until the end of the turn.\r\n{earth}: Prishe gains Brave until the end of the turn.\r\nAuroral Uppercut [s][earth]: Double the power of Prishe until the end of the turn.','116','L',8000,NULL,'2016-11-03 01:57:32',NULL),(117,'Hecatoncheir',3,'earth','summon','XIII','','Choose 1 Backup of cost 3 or more. Break it.','117','R',0,NULL,'2016-11-03 01:58:26',NULL),(118,'Mustadio',5,'earth','backup','Machinist','FFT','EX BURST When Mustadio enters the field, choose 1 dull Forward. Break it.','118','R',0,NULL,'2016-11-03 01:59:21',NULL),(119,'Monk',2,'earth','forward','Standard Unit','FFT','','119','C',6000,NULL,'2016-11-03 01:59:48',NULL),(120,'Monk',2,'earth','backup','Standard Unit','FFT','[earth][dull], put Monk into the Break Zone: Choose 1 Forward. It gains +2000 power until the end of the turn.','120','C',0,NULL,'2016-11-03 02:00:43',NULL),(121,'Red Mage',2,'lightning','backup','Standard Unit','III','[lightning][dull]: Choose 1 Forward. It gains Haste until the end of the turn.','121','C',0,NULL,'2016-11-03 13:10:26',NULL),(122,'Exdeath',5,'lightning','forward','Wizard','DFF - V','Any card put in the Damage Zone due to Exdeath cannot use its EX Burst','122','H',9000,NULL,'2016-11-03 13:11:04',NULL),(123,'Odin',4,'lightning','summon','','XIII','Choose 1 Forward of cost 4 or less. Break it.','123','R',0,NULL,'2016-11-03 13:11:34',NULL),(124,'Odin',7,'lightning','summon','','FFT','EX BURST Choose 1 Forward. Break it.','124','R',0,NULL,'2016-11-03 13:12:10',NULL),(125,'Onion Knight',3,'lightning','forward','Sage','DFF - III','When Onion Knight enters the field, choose 1 damaged Forward. Deal it 5000 damage.','125','R',6000,NULL,'2016-11-03 13:12:43',NULL),(126,'Orlandeau',5,'lightning','forward','Sword Saint','FFT','When Orlandeau attacks, deal 3000 damage to all the Forwards opponent controls.\r\n[lightning][lightning]: Orlandeau gains Haste until the end of the turn.','126','H',7000,NULL,'2016-11-03 13:13:38',NULL),(127,'Kain',6,'lightning','forward','Dragoon','DFF - IV','EX BURST When Kain enters the field, choose 1 Forward. It loses 5000 power until the end of the turn.\r\nDragoon\'s Pride [s][lightning][lightning][dull]: Choose 1 Forward. Break it. Kain will not activate during your next Active Phase.','127','H',8000,NULL,'2016-11-03 13:18:02',NULL),(128,'Gilgamesh',3,'lightning','forward','Praetorian','DFF - V','Gilgamesh Morphing Time [s][lightning][lightning]: Until the end of the turn, Gilgamesh doubles its power and gains First Strike and Brave. Gilgamesh can attack twice this turn. You can use this ability only during your turn.','128','R',7000,NULL,'2016-11-03 13:19:23',NULL),(129,'Gilgamesh',4,'lightning','forward','Praetorian','DFF - V','Brave\r\nStrongest Sword [s][dull]: Choose 1 Forward. Remove the top card of your deck from the game. If the removed card is a Forward, break it. If not, deal it 3000 damage.','129','C',8000,NULL,'2016-11-03 13:20:34',NULL),(130,'Black Mage',2,'lightning','backup','Standard Unit','FFT','[lightning][lightning][dull], put Black Mage into the Break Zone: Choose 1 damaged Forward. Break it.','130','C',0,NULL,'2016-11-03 13:21:19',NULL),(131,'Cait Sith',3,'lightning','forward','Spy','VII','When Cait Sith enters the field, choose 1 Backup of cost 1 or less. Break it.\r\nSlots [s][lightning][dull]: Remove the top card of your deck from the game. If it\'s a Forward, deal 7000 damage to all the active Forwards opponent controls.','131','R',5000,NULL,'2016-11-03 13:22:28',NULL),(132,'Cait Sith',1,'lightning','forward','Spy','VII','EX BURST When Cait Sith enters the field, choose 1 Forward opponent controls. Dull it.','132','C',2000,NULL,'2016-11-03 13:23:32',NULL),(133,'Sage',4,'lightning','backup','Standard unit','III','When Sage enters the field, choose 1 Character Card in your Break Zone. Add it to your hand.','133','C',0,NULL,'2016-11-03 13:25:10',NULL),(134,'Duke Goltanna',3,'lightning','backup','Duke','FFT','When Duke Goltanna enters the field, you may search for 1 [Job (Knight)] and add it to your hand.','134','R',0,NULL,'2016-11-03 13:25:51',NULL),(135,'Golbez',6,'lightning','forward','Warlock','DFF - IV','When Golbez is put from the field into the Break Zone, you may search for up to 4 Forwards of cost 2, each of a different Element and play them onto the field. Their auto-abilities will not trigger.','135','L',9000,NULL,'2016-11-03 13:26:47',NULL),(136,'Zalbaag',3,'lightning','forward','Knight','FFT','When Zalbaag enters the field, choose 1 Forward of cost 2. Break it.','136','C',5000,NULL,'2016-11-03 13:27:56',NULL),(137,'Seymour',4,'fire','backup','Summoner','X','When Seymour enters the field, choose 1 Forward of cost 3 or less. Break it.','137','R',0,NULL,'2016-11-03 13:28:28',NULL),(138,'Summoner',1,'lightning','backup','Standard Unit','FFT','','138','C',0,NULL,'2016-11-03 13:28:51',NULL),(139,'Summoner',3,'lightning','backup','Standard Unit','III','[dull], put Summoner into the Break Zone: Cast 1 Summon of cost 6 or less from your hand without paying its cost.','139','C',0,NULL,'2016-11-03 13:29:59',NULL),(140,'Magus',3,'lightning','backup','Standard Unit','III','When Magus enters the field, choose 1 Forward. Deal it 5000 damage.','140','C',0,NULL,'2016-11-03 13:30:38',NULL),(141,'Lightning',6,'lightning','forward','Ravager','XIII','When Lightning enters the field, you may search for 1 [Card Name (Odin)] and add it to your hand.\r\nArmy of One [s][lightning]: Until the end of the turn, Lightning gains Haste, First Strike and \"When Lightning attacks, choose up to 1 Forward opponent controls. If it is possible, it must block Lightning this turn\".','141','L',9000,NULL,'2016-11-03 13:32:10',NULL),(142,'Lightning',4,'lightning','forward','Ravager','XIII','Haste\r\nWhen Lightning enters the field, choose 1 Forward opponent controls. Dull it.','142','R',4000,NULL,'2016-11-03 13:32:44',NULL),(143,'Ramuh',1,'lightning','summon','','FFT','EX BURST Choose 1 active Forward. Deal it 5000 damage.','143','C',0,NULL,'2016-11-03 13:33:22',NULL),(144,'Ramza',4,'lightning','forward','Knight','FFT','For each Backup you control, Ramza gains +1000 power.\r\nShout [s][lightning]: Until the end of the turn, Ramza gains +2000 power, Haste and First Strike.','144','R',5000,NULL,'2016-11-03 13:34:20',NULL),(145,'Ramza',3,'lightning','forward','Warrior','FFT','[dull]: Choose 1 Backup. Activate it.','145','C',7000,NULL,'2016-11-03 13:35:17',NULL),(146,'Ricard',4,'lightning','forward','Dragoon','II','[lightning], put Ricard into the Break Zone: Choose 1 Forward. It cannot be broken this turn.','146','H',8000,NULL,'2016-11-03 13:36:00',NULL),(147,'Dragoon',3,'lightning','forward','Standard Unit','FFT','First Strike (If this Forward blocks or is blocked by a Forward without First Strike, this Forward deals damage first.)','147','C',6000,NULL,'2016-11-03 13:38:05',NULL),(148,'Dragoon',3,'lightning','forward','Standard Unit','FFT','Haste (This Character can attack or use abilities containing [dull] in the cost the turn it enters the field.)','148','C',5000,NULL,'2016-11-03 13:41:30',NULL),(149,'Lulu',5,'lightning','backup','Guardian','X','[dull], put 1 Backup into the Break Zone: Choose 1 Forward. Deal it 5000 damage.\r\nThundaga [s][lightning][dull]: Choose 1 Forward. Deal it 10000 damage.','149','H',0,NULL,'2016-11-03 13:42:28',NULL),(150,'Lulu',3,'lightning','backup','Guardian','X','The Lightning Forwards you control gain +1000 power.','150','R',0,NULL,'2016-11-03 13:43:03',NULL),(151,'Agrias',5,'water','forward','Knight','FFT','First Strike\r\nEX BURST When Agrias enters the field, you may search for 1 [Card Name (Ovelia)] and add it to your hand.','151','R',6000,NULL,'2016-11-03 13:43:56',NULL),(152,'Ultimecia',5,'water','forward','Witch','DFF - VIII','All the Forwards other than Ultimecia enter the field dull.\r\nTime Compression [s][water][water][water]: Freeze all the Forwards other than Ultimecia.','152','L',9000,NULL,'2016-11-03 13:45:05',NULL),(153,'Alma',3,'water','backup','Cleric','FFT','If you control [Card Name (Ovelia)], the cost for playing Alma onto the field is reduced by 1.\r\n[dull]: Draw 1 card, then discard 1 card from your hand.','153','C',0,NULL,'2016-11-03 13:45:59',NULL),(154,'Vaan',5,'water','forward','Pirate','DFF - XII','When Vaan enters the field, draw 1 card.\r\nWhen Vaan forms a party and attacks, draw 1 card then discard 1 card from your hand.','154','R',6000,NULL,'2016-11-03 13:46:40',NULL),(155,'Warrior of Light',4,'water','forward','Warrior','DFF - I','The [Job (Standard Unit)] Forwards you control gain +2000 power and First Strike.','155','R',8000,NULL,'2016-11-03 13:47:24',NULL),(156,'Ovelia',2,'water','backup','Princess','FFT','The [Job (Knight)] Forwards you control gain +1000 power.','156','C',0,NULL,'2016-11-03 14:58:11',NULL),(157,'Scholar',2,'water','backup','Standard Unit','III','[dull], put Scholar into the Break Zone: Choose 1 Forward you control. Return it to its owner\'s hand.','157','C',0,NULL,'2016-11-03 14:58:49',NULL),(158,'Cloud of Darkness',6,'water','forward','Wraith','DFF - III','When Could of Darkness enters the field, each Player selects 1 Forward he/she controls. All the Forwards that were not selected are put into the Break Zone.','158','H',7000,NULL,'2016-11-03 15:00:01',NULL),(159,'Evoker',1,'water','backup','Standard Unit','III','','159','C',0,NULL,'2016-11-03 15:00:19',NULL),(160,'Gordon',2,'water','forward','Prince','II','[dull]: The next damage dealt to Gordon becomes 0 this turn.','160','H',4000,NULL,'2016-11-03 15:00:57',NULL),(161,'White Mage',2,'water','backup','Standard Unit','FFT','When White Mage enters the field, choose 1 Forward. Activate it.','161','C',0,NULL,'2016-11-03 15:01:29',NULL),(162,'Cecil',5,'water','forward','Paladin','DFF - IV','Summons or abilities of your opponent must choose Cecil if possible.','162','R',8000,NULL,'2016-11-03 15:02:01',NULL),(163,'Tidus',4,'water','forward','Guardian','DFF - X','For each Forward other than Tidus you contol, Tidus gains +1000 power.\r\nBlitz Ace [s][water][water]: Until the end of the turn Tidus gains Brave. Tidus can attack as many times as your points of damage this turn.','163','L',7000,NULL,'2016-11-03 15:03:15',NULL),(164,'Tidus',4,'water','forward','Guardian','X','When Tidus attacks, all the Water Forwards you control gain +1000 power until the end of the turn.','164','R',8000,NULL,'2016-11-03 15:05:07',NULL),(165,'Knight',2,'water','forward','Standard Unit','III','The Forwards forming a party with Knight don\'t receive any damage.','165','C',5000,NULL,'2016-11-03 15:06:25',NULL),(166,'Knight',1,'water','forward','Standard Unit','III','The Forwards forming a party with Knight don\'t receive any damage.','166','C',3000,NULL,'2016-11-03 15:07:01',NULL),(167,'Viking',2,'water','forward','Standard Unit','III','When Viking enters the field, draw 1 card.','167','C',1000,NULL,'2016-11-03 15:08:41',NULL),(168,'Geomancer',3,'water','forward','Standard Unit','FFT','When Geomancer is put from the field into the Break Zone, draw 1 card.','168','C',6000,NULL,'2016-11-03 15:09:14',NULL),(169,'Geomancer',2,'water','backup','Standard Unit','FFT','[dull]: Look at the top card of your deck. You may place the card at the bottom of your deck.','169','C',0,NULL,'2016-11-03 15:09:53',NULL),(170,'Fairy',2,'water','summon','','FFT','EX BURST Choose 1 Forward. Activate it. Draw 1 card.','170','C',0,NULL,'2016-11-03 15:10:25',NULL),(171,'Minwu',3,'water','backup','Mage','II','The Forwards you control don\'t receive damage that is less than their power.','171','H',0,NULL,'2016-11-03 15:12:48',NULL),(172,'Moogle',1,'water','summon','','FFT','EX BURST Draw 2 cards, then discard 1 card from your hand.','172','C',0,NULL,'2016-11-03 15:13:47',NULL),(173,'Mime',2,'water','forward','Standard Unit','FFT','When your Attack Phase starts, name 1 Element other than Light and Dark. Until the end of the turn, the Element of Mime becomes the named one.\r\nWhen Mime forms a party and attacks, draw 1 card.','173','C',4000,NULL,'2016-11-03 15:15:29',NULL),(174,'Yaag Rosch',2,'water','backup','PSICOM','XIII','Summons or abilities of your opponent must choose Yaag Rosch if possible.','174','R',0,NULL,'2016-11-03 15:16:13',NULL),(175,'Yuj',3,'water','forward','NORA','XIII','When Yuj enters the field, draw 1 card, then place 1 card from your hand at the bottom of your deck.','175','R',7000,NULL,'2016-11-03 15:16:49',NULL),(176,'Yuna',5,'water','backup','Summoner','X','EX BURST When Yuna enters the field, choose 1 Forward. Return it to its owner\'s hand.\r\nWhen a Character is put from the field into the Break Zone, you may remove it from the game instead.','176','H',0,NULL,'2016-11-03 15:17:43',NULL),(177,'Yuna',2,'water','backup','Summoner','X','The cost required to cast your Water Summons is reduced by 1 (it cannot become 0).','177','R',0,NULL,'2016-11-03 15:31:10',NULL),(178,'Leviathan',3,'water','summon','','FFT','EX BURST Choose 1 Forward. Return it to its owner\'s hand.','178','R',0,NULL,'2016-11-03 15:33:25',NULL),(179,'Leila',3,'water','forward','Pirate','II','When Leila deals damage to your opponent, draw 1 card.','179','H',6000,NULL,'2016-11-03 15:33:55',NULL),(180,'Wakka',3,'water','backup','Blitzballer','X','The Water Forwards you control gain +1000 power.','180','R',0,NULL,'2016-11-03 15:34:30',NULL),(181,'Onion Knight',2,'light','forward','Onion Knight','DFF - III','Haste\r\n[1][dull], return Onion Knight to its owner\'s hand: You may play 1 [Card Name (Onion Knight)] from your hand onto the field. You can only use this ability during your turn.','181','H',5000,NULL,'2016-11-03 15:35:31',NULL),(182,'Cloud',4,'light','forward','SOLDIER','DFF - VII','Brave\r\nMeteorain [s][1][dull]: Deal 4000 damage to all the Forwards opponent controls.\r\nOmnislash [s][3][dull]: Choose 1 Forward. Break it.','182','L',8000,NULL,'2016-11-03 15:38:17',NULL),(183,'Cosmos',2,'light','backup','Goddess of Harmony','DFF','Cosmos can be played onto the field even if you control other Light Characters.\r\nYou can play 2 or more Light Characters onto the field.\r\nIf Cosmos is on the field, Cosmos can produce CP of any Element.','183','H',0,NULL,'2016-11-03 15:39:19',NULL),(184,'Chaos',2,'dark','backup','God of Chaos','DFF - I','Chaos can be played onto the field even if you control other Dark Characters.\r\nYou can play 2 or more Dark Characters onto the field.\r\nIf Chaos is on the field, Chaos can produce CP of any Element.','184','H',0,NULL,'2016-11-03 15:40:56',NULL),(185,'The Emperor',5,'dark','forward','Emperor','DFF - II','When The Emperor is put from the field into the Break Zone, you may search for 1 [Card Name (The Emperor)] and play it onto the field dull.','185','H',9000,NULL,'2016-11-03 15:41:50',NULL),(186,'Sephiroth',8,'dark','forward','War Hero','DFF - VII','First Strike','186','L',8000,NULL,'2016-11-03 15:42:17',NULL),(187,'Cloud',6,'fire','forward','SOLDIER','VII','The cost required to play Cloud onto the field is reduced by 1 for each [Category (VII)] Forward you control.\r\nEach time a Forward you control attacks, it gains +1000 power until the end of the turn.\r\nClimhazzard [s][fire][1][dull]: Choose 1 Forward. Deal it 8000 damage.','187','S',9000,NULL,'2016-11-03 15:43:49',NULL),(188,'Zangan',4,'fire','backup','Martial Arts Master','VII','EX BURST When Zangan enters the field, you may search for 1 [Card Name (Tifa)] and add it to your hand.\r\nThe [Card Name (Tifa)] of cost 4 or less you control gains Haste.','188','S',0,NULL,'2016-11-03 15:44:57',NULL),(189,'Tifa',4,'fire','forward','Martial Artist','VII','Waterkick [s][fire]: Choose 1 Forward. Dull it and deal it 6000 damage.','189','S',8000,NULL,'2016-11-03 15:45:32',NULL),(190,'Bahamut Fury',2,'fire','summon','','VII','EX BURST Choose 1 Forward. You may discard 1 card from your hand. If you do so, deal it 7000 damage. If not, deal it 5000 damage.','190','S',0,NULL,'2016-11-03 15:52:13',NULL),(191,'Red XIII',3,'fire','forward','Warrior','VII','When Red XIII enters the field, choose 1 Forward. It gains +3000 power until the end of the turn.\r\nCosmo Memory [s][fire][fire][fire][fire][dull]: Deal 6000 damage to all the Forwards opponent controls.','191','S',7000,NULL,'2016-11-03 15:53:29',NULL),(192,'Cid Raines',2,'ice','forward','The Calvery','XIII','When Cid Raines enters the field, choose 1 dull Forward opponent controls. Deal it 4000 damage. When it is put from the field into the Break Zone this turn, your opponent discards 1 card from his/her hand.','192','S',5000,NULL,'2016-11-03 15:54:35',NULL),(193,'Jihl Nabaat',2,'ice','backup','Saboteur','XIII','EX BURST When Jihl Nabaat enters the field, choose up to 2 Forwards. Freeze them.\r\nSadistic Surge [s][ice][dull]: Choose 1 Forward. Dull it and Freeze it.','193','S',0,NULL,'2016-11-03 15:55:40',NULL),(194,'Snow',3,'ice','forward','Sentinel','XIII','When Snow Blocks, choose 1 Forward. Dull it.\r\nVendetta [s][ice]: Until the end of the turn, Snow gains +2000 power and First Strike. You can only use this ability while Snow is blocking.','194','S',7000,NULL,'2016-11-03 15:57:10',NULL),(195,'Serah',3,'ice','forward','Saboteur','XIII','When Serah enters the field, your opponent discards 1 card from his/her hand.','195','S',6000,NULL,'2016-11-03 15:57:45',NULL),(196,'Mog (XIII-2)',3,'ice','backup','Moogle','XIII','When Mog (XIII-2) enters the field, you may search for 1 [Category (XIII)] Forward and add it to your hand.','196','S',0,NULL,'2016-11-03 15:59:24',NULL),(197,'Brother',3,'wind','backup','Gullwings','X','When Brother enters the field, you may search for 1 [Category(X)] Forward and add it to your hand.','197','S',0,NULL,'2016-11-03 16:01:36',NULL),(198,'Valefor',2,'wind','summon','','X','EX Burst Deal 3000 damage to all the Forwards opponent controls. If you control [Card Name (Yuna)], activate all the Backups you control.','198','S',0,NULL,'2016-11-03 16:05:14',NULL),(199,'Paine',3,'wind','forward','Gullwings','X','When Paine enters the field, if you control [Card Name (Yuna)], draw 1 card.\r\nWhen Paine enters the field, choose up to 3 Backups you control. If you control [Card Name (Rikku)], activate them.','199','S',7000,NULL,'2016-11-03 16:06:45',NULL),(200,'Baralai',2,'wind','backup','Praetor','X','[dull], put Baralai into the Break Zone: Choose up to 2 Forwards. Activate them.','200','S',0,NULL,'2016-11-03 16:07:27',NULL),(201,'Rikku',4,'wind','forward','Gullwings','X','If you control [Card Name (Yuna)], Rikku gains +2000 power and Rikku cannot be chosen by Summons.\r\nIf you control [Card Name (Paine)], Rikku gains +2000 power and Rikku cannot be chosen by abilities.','201','S',6000,NULL,'2016-11-03 16:08:56',NULL),(202,'Vincent',3,'earth','forward','Gunslinger','VII','When Vincent attacks, Vincent gains First Strike until the end of the turn','202','S',7000,NULL,'2016-11-03 16:09:34',NULL),(203,'Wedge',4,'earth','backup','AVALANCE Operative','VII','When Wedge enters the field, you may search for 1 [Card Name (Biggs)] and add it to your hand.','203','S',0,NULL,'2016-11-03 16:10:14',NULL),(204,'Jessie',3,'earth','backup','AVALANCE Operative','VII','When Jessie enters the field, you may search for 1 [Category (VII)] Forward and add it to your hand.','204','S',0,NULL,'2016-11-03 16:10:52',NULL),(205,'Barret',2,'earth','forward','AVALANCE Operative','VII','Grenade Bomb [s]: Deal 2000 damage to all the Forwards opponent controls.','205','S',6000,NULL,'2016-11-03 16:11:44',NULL),(206,'Biggs',2,'earth','backup','AVALANCE Operative','VII','When a Backup you control is put from the field into the Break Zone, deal 1000 damage to all the Forwards opponent controls.','206','S',0,NULL,'2016-11-03 16:12:26',NULL),(207,'Gilgamesh',4,'lightning','forward','Commando','XIII','Gilgamesh cannot be returned to its owner\'s hand by opponent\'s Summons or abilities.\r\n[lightning][lightning]: Gilgamesh gains +1000 power until the end of the turn.\r\nDivider [s][lightning][lightning]: Choose 1 Forward. Break it. You can only use this ability if you have received 4 points of damage or more.','207','S',8000,NULL,'2016-11-03 16:13:53',NULL),(208,'Noel',3,'lightning','forward','Commando','XIII','Haste\r\nIf you control [Card Name (Serah)], Noel gains +2000 power.','208','S',5000,NULL,'2016-11-03 16:14:29',NULL),(209,'Maqui',2,'lightning','backup','NORA','XII','[lightning][dull]: Choose 1 attacking Lightning Forward. It gains First Strike until the end of the turn.','209','S',0,NULL,'2016-11-03 16:15:13',NULL),(210,'Lightning',6,'lightning','forward','Ravager','XIII','The cost required to play Lightning onto the field is reduced by 1 for each [Category (XIII)] Forward you control.\r\nHaste\r\nWhen Lightning deals damage to your opponent, choose 1 Forward opponent controls. Dull it.','210','S',8000,NULL,'2016-11-03 16:16:22',NULL),(211,'Rygdea',2,'lightning','forward','The Cavalry','XIII','When Rygdea enters the field, choose 1 active Forward. Deal it 3000 damage. When it is put from the field into the Break Zone this turn, choose 1 Forward opponent controls. Dull it.','211','S',5000,NULL,'2016-11-03 16:17:30',NULL),(212,'Shuyin',4,'water','backup','Illusion','X','EX BURST When Shuyin enters the field, choose 1 Forward of cost 3 or less opponent controls. Return it to its owner\'s hand.','212','S',0,NULL,'2016-11-03 16:18:20',NULL),(213,'Tidus',6,'water','forward','Guardian','X','The cost required to play Tidus onto the field is reduced by 1 for each [Category (X)] Forward you control.\r\nIf you control [Card Name (Yuna)], Tidus gains Brave.\r\nWhen the Forward [Card Name (Yuna)] is put from your field to the Break Zone, draw 2 cards.','213','S',9000,NULL,'2016-11-03 16:19:41',NULL),(214,'Yuna',2,'water','forward','Summoner','X','When you cast a Summon, you may dull Yuna if it is active. If you do so, draw 1 card. This effect will trigger only once per turn.','214','S',5000,NULL,'2016-11-03 16:20:26',NULL),(215,'Lenne',2,'water','backup','Summoner','X','When your opponent casts a Summon, activate Lenne.','215','S',0,NULL,'2016-11-03 16:23:46',NULL),(216,'Wakka',4,'water','forward','Blitzballer','X','When Wakka attacks, choose 1 Forward you control. Until the end of the turn, it gains +1000 power for each Forward you control.\r\nStatus Reels [s][water]: Choose 1 Forward. Until the end of the turn, it loses all its abilities and its power becomes 1000.','216','S',8000,NULL,'2016-11-03 16:24:51',NULL);
/*!40000 ALTER TABLE `cards` ENABLE KEYS */;
UNLOCK TABLES;

--
-- Table structure for table `collections`
--

DROP TABLE IF EXISTS `collections`;
/*!40101 SET @saved_cs_client     = @@character_set_client */;
/*!40101 SET character_set_client = utf8 */;
CREATE TABLE `collections` (
  `id` int(10) unsigned NOT NULL AUTO_INCREMENT,
  `user_id` int(11) NOT NULL,
  `card_id` int(11) NOT NULL,
  `count` int(11) NOT NULL,
  `foil` tinyint(1) NOT NULL DEFAULT '0',
  `created_at` timestamp NULL DEFAULT NULL,
  `updated_at` timestamp NULL DEFAULT NULL,
  PRIMARY KEY (`id`)
) ENGINE=InnoDB AUTO_INCREMENT=686 DEFAULT CHARSET=utf8 COLLATE=utf8_unicode_ci;
/*!40101 SET character_set_client = @saved_cs_client */;

--
-- Dumping data for table `collections`
--

LOCK TABLES `collections` WRITE;
/*!40000 ALTER TABLE `collections` DISABLE KEYS */;
INSERT INTO `collections` VALUES (5,1,3,1,0,'2016-11-02 21:33:02','2016-11-02 21:33:02'),(6,1,2,2,0,'2016-11-02 21:33:03','2016-11-02 21:47:55'),(7,1,41,1,0,'2016-11-02 21:40:49','2016-11-02 21:40:49'),(8,1,24,1,1,'2016-11-02 21:42:28','2016-11-03 18:33:57'),(9,1,52,1,0,'2016-11-02 21:42:32','2016-11-02 21:42:32'),(10,1,25,1,0,'2016-11-02 22:02:29','2016-11-02 22:02:29'),(12,1,7,3,0,'2016-11-02 22:08:01','2016-11-02 22:08:03'),(13,1,17,1,0,'2016-11-02 22:08:05','2016-11-02 22:08:05'),(14,3,28,4,0,'2016-11-03 00:02:04','2016-11-03 00:02:05'),(16,4,1,1,0,'2016-11-03 00:16:25','2016-11-03 00:16:25'),(17,4,2,1,0,'2016-11-03 00:16:26','2016-11-03 00:16:26'),(18,4,3,1,0,'2016-11-03 00:16:27','2016-11-03 00:16:27'),(19,4,4,1,0,'2016-11-03 00:16:27','2016-11-03 00:16:27'),(20,4,5,1,0,'2016-11-03 00:16:28','2016-11-03 00:16:28'),(21,4,6,1,0,'2016-11-03 00:16:29','2016-11-03 00:16:29'),(22,4,7,1,0,'2016-11-03 00:16:30','2016-11-03 00:16:30'),(23,4,8,1,0,'2016-11-03 00:16:30','2016-11-03 00:16:30'),(24,4,9,1,0,'2016-11-03 00:16:31','2016-11-03 00:16:31'),(25,4,10,1,0,'2016-11-03 00:16:32','2016-11-03 00:16:32'),(26,4,11,1,0,'2016-11-03 00:16:33','2016-11-03 00:16:33'),(27,4,12,1,0,'2016-11-03 00:16:34','2016-11-03 00:16:34'),(28,4,13,1,0,'2016-11-03 00:16:35','2016-11-03 00:16:35'),(29,4,14,1,0,'2016-11-03 00:16:35','2016-11-03 00:16:35'),(30,4,15,1,0,'2016-11-03 00:16:36','2016-11-03 00:16:36'),(31,4,16,1,0,'2016-11-03 00:16:37','2016-11-03 00:16:37'),(32,4,17,1,0,'2016-11-03 00:16:38','2016-11-03 00:16:38'),(33,4,18,1,0,'2016-11-03 00:16:39','2016-11-03 00:16:39'),(36,6,1,2,0,'2016-11-03 09:08:53','2016-11-03 09:08:57'),(37,6,2,2,0,'2016-11-03 09:08:58','2016-11-03 09:08:59'),(38,6,3,3,0,'2016-11-03 09:09:00','2016-11-03 09:09:01'),(39,6,4,3,0,'2016-11-03 09:09:02','2016-11-03 09:09:04'),(40,6,5,1,0,'2016-11-03 09:09:06','2016-11-03 09:09:06'),(41,6,7,2,0,'2016-11-03 09:09:09','2016-11-03 09:09:10'),(42,6,8,3,0,'2016-11-03 09:09:51','2016-11-03 09:09:51'),(43,6,9,3,0,'2016-11-03 09:09:52','2016-11-03 09:09:54'),(44,6,10,3,0,'2016-11-03 09:10:01','2016-11-03 09:10:01'),(45,6,11,3,0,'2016-11-03 09:10:02','2016-11-03 09:10:03'),(46,6,12,3,0,'2016-11-03 09:10:05','2016-11-03 09:10:06'),(47,6,13,1,0,'2016-11-03 09:10:19','2016-11-03 09:10:19'),(48,6,14,3,0,'2016-11-03 09:10:24','2016-11-03 09:10:24'),(49,6,16,3,0,'2016-11-03 09:10:27','2016-11-03 09:10:27'),(50,6,17,2,0,'2016-11-03 09:10:42','2016-11-03 09:10:42'),(51,6,18,1,0,'2016-11-03 09:10:44','2016-11-03 09:10:44'),(52,6,19,3,0,'2016-11-03 09:10:47','2016-11-03 09:10:47'),(53,6,20,2,0,'2016-11-03 09:10:53','2016-11-03 09:10:53'),(54,6,21,1,0,'2016-11-03 09:10:55','2016-11-03 09:10:55'),(55,6,22,2,0,'2016-11-03 09:10:59','2016-11-03 09:11:00'),(56,6,23,1,0,'2016-11-03 09:11:03','2016-11-03 09:11:03'),(57,6,24,3,0,'2016-11-03 09:11:07','2016-11-03 09:11:08'),(58,6,25,3,0,'2016-11-03 09:11:09','2016-11-03 09:11:10'),(59,6,26,3,0,'2016-11-03 09:11:12','2016-11-03 09:11:12'),(60,6,27,2,0,'2016-11-03 09:11:32','2016-11-03 09:11:32'),(61,6,28,2,0,'2016-11-03 09:11:49','2016-11-03 09:11:49'),(62,6,29,3,0,'2016-11-03 09:11:51','2016-11-03 09:11:51'),(63,6,30,2,0,'2016-11-03 09:11:54','2016-11-03 09:11:55'),(64,7,14,1,0,'2016-11-03 10:59:59','2016-11-03 10:59:59'),(65,7,12,2,0,'2016-11-03 11:00:14','2016-11-03 11:00:14'),(66,7,9,4,0,'2016-11-03 11:00:19','2016-11-03 11:00:19'),(67,7,6,1,0,'2016-11-03 11:00:26','2016-11-03 11:00:26'),(68,7,22,1,0,'2016-11-03 11:00:30','2016-11-03 11:00:30'),(69,7,19,1,0,'2016-11-03 11:00:32','2016-11-03 11:00:32'),(71,7,17,1,0,'2016-11-03 11:00:47','2016-11-03 11:00:47'),(72,7,28,1,0,'2016-11-03 11:00:50','2016-11-03 11:00:50'),(73,7,10,1,0,'2016-11-03 11:00:57','2016-11-03 11:00:57'),(74,7,8,1,0,'2016-11-03 11:01:00','2016-11-03 11:01:00'),(75,7,3,1,0,'2016-11-03 11:01:01','2016-11-03 11:29:29'),(76,7,26,1,0,'2016-11-03 11:01:22','2016-11-03 11:01:22'),(77,7,46,1,0,'2016-11-03 11:01:36','2016-11-03 11:01:36'),(78,7,31,2,0,'2016-11-03 11:01:40','2016-11-03 11:02:03'),(79,7,45,1,0,'2016-11-03 11:01:45','2016-11-03 11:01:45'),(80,7,57,1,0,'2016-11-03 11:01:49','2016-11-03 11:01:49'),(81,7,38,1,0,'2016-11-03 11:01:54','2016-11-03 11:01:54'),(82,7,33,1,0,'2016-11-03 11:01:58','2016-11-03 11:01:58'),(83,7,56,1,0,'2016-11-03 11:02:00','2016-11-03 11:02:00'),(84,7,51,1,0,'2016-11-03 11:02:09','2016-11-03 11:02:09'),(85,7,39,1,0,'2016-11-03 11:02:16','2016-11-03 11:02:16'),(86,7,37,1,0,'2016-11-03 11:02:18','2016-11-03 11:02:18'),(87,7,50,1,0,'2016-11-03 11:02:23','2016-11-03 11:02:23'),(88,7,49,1,0,'2016-11-03 11:02:29','2016-11-03 11:02:29'),(89,7,52,2,0,'2016-11-03 11:02:32','2016-11-03 11:02:32'),(90,7,35,2,0,'2016-11-03 11:02:41','2016-11-03 11:02:41'),(91,7,55,2,0,'2016-11-03 11:02:49','2016-11-03 11:02:50'),(92,7,42,1,0,'2016-11-03 11:02:57','2016-11-03 11:02:57'),(93,7,63,1,0,'2016-11-03 11:03:17','2016-11-03 11:03:17'),(94,7,68,3,0,'2016-11-03 11:03:42','2016-11-03 11:13:15'),(95,7,73,1,0,'2016-11-03 11:03:45','2016-11-03 11:03:45'),(96,7,69,2,0,'2016-11-03 11:03:51','2016-11-03 11:04:21'),(97,7,88,1,0,'2016-11-03 11:04:00','2016-11-03 11:04:00'),(98,7,85,1,0,'2016-11-03 11:04:01','2016-11-03 11:04:01'),(99,7,87,3,0,'2016-11-03 11:04:08','2016-11-03 11:13:27'),(100,7,66,1,0,'2016-11-03 11:04:14','2016-11-03 11:04:14'),(101,7,77,3,0,'2016-11-03 11:04:20','2016-11-03 11:13:33'),(102,7,78,3,0,'2016-11-03 11:04:24','2016-11-03 11:13:34'),(103,7,76,1,0,'2016-11-03 11:04:26','2016-11-03 11:04:26'),(104,7,74,3,0,'2016-11-03 11:04:28','2016-11-03 11:13:56'),(105,7,92,1,0,'2016-11-03 11:04:56','2016-11-03 11:04:56'),(106,7,99,2,0,'2016-11-03 11:04:59','2016-11-03 11:05:00'),(107,7,109,1,0,'2016-11-03 11:05:06','2016-11-03 11:05:06'),(108,7,94,1,0,'2016-11-03 11:05:10','2016-11-03 11:05:10'),(109,7,120,2,0,'2016-11-03 11:05:17','2016-11-03 11:05:17'),(110,7,119,1,0,'2016-11-03 11:05:18','2016-11-03 11:05:18'),(111,7,118,2,0,'2016-11-03 11:05:21','2016-11-03 11:05:21'),(112,7,113,1,0,'2016-11-03 11:05:27','2016-11-03 11:05:27'),(113,7,106,1,0,'2016-11-03 11:05:34','2016-11-03 11:05:34'),(114,7,98,1,0,'2016-11-03 11:05:39','2016-11-03 11:05:39'),(115,7,108,1,0,'2016-11-03 11:05:39','2016-11-03 11:05:39'),(116,7,135,1,0,'2016-11-03 11:06:05','2016-11-03 11:06:05'),(117,7,121,1,0,'2016-11-03 11:06:08','2016-11-03 11:06:08'),(118,7,126,1,0,'2016-11-03 11:06:11','2016-11-03 11:06:11'),(119,7,124,1,0,'2016-11-03 11:06:22','2016-11-03 11:06:22'),(120,7,128,2,0,'2016-11-03 11:06:33','2016-11-03 11:06:33'),(121,7,129,1,0,'2016-11-03 11:06:34','2016-11-03 11:06:34'),(122,7,139,2,0,'2016-11-03 11:06:46','2016-11-03 11:06:46'),(123,7,138,1,0,'2016-11-03 11:06:50','2016-11-03 11:06:50'),(124,7,140,1,0,'2016-11-03 11:06:51','2016-11-03 11:06:51'),(125,7,142,1,0,'2016-11-03 11:06:57','2016-11-03 11:06:57'),(126,7,145,1,0,'2016-11-03 11:07:00','2016-11-03 11:07:00'),(127,7,148,1,0,'2016-11-03 11:07:02','2016-11-03 11:07:02'),(128,7,151,1,0,'2016-11-03 11:07:19','2016-11-03 11:07:19'),(129,7,153,1,0,'2016-11-03 11:07:20','2016-11-03 11:07:20'),(130,7,176,1,0,'2016-11-03 11:07:33','2016-11-03 11:07:33'),(131,7,156,2,0,'2016-11-03 11:07:43','2016-11-03 11:07:44'),(132,7,167,3,0,'2016-11-03 11:08:03','2016-11-03 11:11:54'),(133,7,159,3,0,'2016-11-03 11:08:05','2016-11-03 11:13:05'),(134,7,162,1,0,'2016-11-03 11:08:18','2016-11-03 11:08:18'),(135,7,158,1,0,'2016-11-03 11:08:20','2016-11-03 11:08:20'),(136,7,161,1,0,'2016-11-03 11:08:28','2016-11-03 11:08:28'),(137,7,173,1,0,'2016-11-03 11:08:30','2016-11-03 11:08:30'),(138,7,179,1,0,'2016-11-03 11:08:34','2016-11-03 11:08:34'),(139,7,168,3,0,'2016-11-03 11:08:38','2016-11-03 11:11:56'),(140,7,164,1,0,'2016-11-03 11:08:42','2016-11-03 11:08:42'),(141,7,214,3,0,'2016-11-03 11:08:51','2016-11-03 11:09:12'),(142,7,177,1,0,'2016-11-03 11:09:06','2016-11-03 11:09:06'),(143,7,216,3,0,'2016-11-03 11:09:09','2016-11-03 11:09:10'),(144,7,215,3,0,'2016-11-03 11:09:11','2016-11-03 11:09:11'),(145,7,213,3,0,'2016-11-03 11:09:13','2016-11-03 11:09:14'),(146,7,212,3,0,'2016-11-03 11:09:14','2016-11-03 11:09:15'),(147,7,201,3,0,'2016-11-03 11:09:20','2016-11-03 11:09:20'),(148,7,200,3,0,'2016-11-03 11:09:21','2016-11-03 11:09:21'),(149,7,199,3,0,'2016-11-03 11:09:22','2016-11-03 11:09:22'),(150,7,197,3,0,'2016-11-03 11:09:24','2016-11-03 11:09:24'),(151,7,198,3,0,'2016-11-03 11:09:25','2016-11-03 11:09:26'),(153,7,172,1,0,'2016-11-03 11:11:09','2016-11-03 11:11:09'),(154,7,178,2,0,'2016-11-03 11:11:22','2016-11-03 11:11:22'),(155,7,170,1,0,'2016-11-03 11:11:24','2016-11-03 11:11:24'),(156,7,165,2,0,'2016-11-03 11:12:12','2016-11-03 11:12:12'),(157,8,1,1,0,'2016-11-03 11:26:19','2016-11-03 11:26:19'),(158,8,2,3,0,'2016-11-03 11:26:20','2016-11-03 11:26:21'),(159,8,3,3,0,'2016-11-03 11:26:22','2016-11-03 11:26:23'),(160,8,4,3,0,'2016-11-03 11:26:24','2016-11-03 11:26:24'),(161,8,5,1,0,'2016-11-03 11:26:25','2016-11-03 11:26:25'),(162,8,6,1,0,'2016-11-03 11:26:27','2016-11-03 11:26:27'),(163,8,7,3,0,'2016-11-03 11:26:28','2016-11-03 11:26:28'),(164,8,8,3,0,'2016-11-03 11:26:29','2016-11-03 11:26:30'),(165,8,9,3,0,'2016-11-03 11:26:31','2016-11-03 11:26:31'),(166,8,10,3,0,'2016-11-03 11:26:33','2016-11-03 11:26:33'),(167,8,11,3,0,'2016-11-03 11:26:34','2016-11-03 11:26:35'),(168,8,12,2,0,'2016-11-03 11:26:36','2016-11-03 11:26:36'),(169,8,13,1,0,'2016-11-03 11:26:36','2016-11-03 11:26:36'),(170,8,14,3,0,'2016-11-03 11:26:37','2016-11-03 11:26:38'),(171,8,15,2,0,'2016-11-03 11:26:39','2016-11-03 11:26:39'),(172,8,16,3,0,'2016-11-03 11:26:42','2016-11-03 11:26:43'),(173,8,17,1,0,'2016-11-03 11:26:44','2016-11-03 11:26:44'),(174,8,18,1,0,'2016-11-03 11:26:45','2016-11-03 11:26:45'),(175,8,19,3,0,'2016-11-03 11:26:47','2016-11-03 11:26:47'),(176,8,20,3,0,'2016-11-03 11:26:48','2016-11-03 11:26:49'),(177,8,21,1,0,'2016-11-03 11:26:50','2016-11-03 11:26:50'),(178,8,22,1,0,'2016-11-03 11:26:52','2016-11-03 11:26:52'),(179,8,23,2,0,'2016-11-03 11:26:53','2016-11-03 11:26:53'),(180,8,24,3,0,'2016-11-03 11:26:54','2016-11-03 11:26:55'),(181,8,25,3,0,'2016-11-03 11:26:56','2016-11-03 11:26:56'),(182,8,26,3,0,'2016-11-03 11:26:57','2016-11-03 11:26:58'),(183,8,27,1,0,'2016-11-03 11:26:58','2016-11-03 11:26:58'),(184,8,28,3,0,'2016-11-03 11:27:00','2016-11-03 11:27:00'),(185,8,29,3,0,'2016-11-03 11:27:01','2016-11-03 11:27:02'),(186,8,30,3,0,'2016-11-03 11:27:04','2016-11-03 11:27:05'),(187,8,38,3,0,'2016-11-03 11:27:20','2016-11-03 11:27:20'),(188,8,39,3,0,'2016-11-03 11:27:23','2016-11-03 11:27:25'),(189,8,40,3,0,'2016-11-03 11:27:26','2016-11-03 11:27:26'),(190,8,42,3,0,'2016-11-03 11:27:29','2016-11-03 11:27:31'),(191,8,43,2,0,'2016-11-03 11:27:33','2016-11-03 11:27:33'),(192,8,44,2,0,'2016-11-03 11:27:34','2016-11-03 11:27:34'),(193,8,45,2,0,'2016-11-03 11:27:36','2016-11-03 11:27:36'),(194,8,46,2,0,'2016-11-03 11:27:40','2016-11-03 11:27:40'),(195,8,47,2,0,'2016-11-03 11:27:41','2016-11-03 11:27:41'),(196,8,48,3,0,'2016-11-03 11:27:42','2016-11-03 11:27:43'),(197,8,49,3,0,'2016-11-03 11:27:44','2016-11-03 11:27:45'),(198,8,51,3,0,'2016-11-03 11:27:51','2016-11-03 11:27:52'),(199,8,52,3,0,'2016-11-03 11:27:53','2016-11-03 11:27:53'),(200,8,53,3,0,'2016-11-03 11:27:55','2016-11-03 11:27:55'),(201,8,54,3,0,'2016-11-03 11:27:56','2016-11-03 11:27:56'),(202,8,55,3,0,'2016-11-03 11:27:58','2016-11-03 11:27:58'),(203,8,56,2,0,'2016-11-03 11:28:00','2016-11-03 11:28:00'),(204,8,57,3,0,'2016-11-03 11:28:01','2016-11-03 11:28:01'),(205,8,58,1,0,'2016-11-03 11:28:02','2016-11-03 11:28:02'),(206,8,59,3,0,'2016-11-03 11:28:03','2016-11-03 11:28:03'),(207,8,60,1,0,'2016-11-03 11:28:05','2016-11-03 11:28:05'),(208,8,61,1,0,'2016-11-03 11:28:07','2016-11-03 11:28:07'),(209,8,63,2,0,'2016-11-03 11:28:12','2016-11-03 11:28:13'),(210,8,64,3,0,'2016-11-03 11:28:15','2016-11-03 11:28:15'),(211,8,65,3,0,'2016-11-03 11:28:17','2016-11-03 11:28:17'),(212,8,67,3,0,'2016-11-03 11:28:19','2016-11-03 11:28:20'),(213,8,68,3,0,'2016-11-03 11:28:21','2016-11-03 11:28:21'),(214,8,69,3,0,'2016-11-03 11:28:23','2016-11-03 11:28:23'),(215,8,70,3,0,'2016-11-03 11:28:24','2016-11-03 11:28:25'),(216,8,71,2,0,'2016-11-03 11:28:25','2016-11-03 11:28:26'),(217,8,72,3,0,'2016-11-03 11:28:27','2016-11-03 11:28:27'),(218,8,73,3,0,'2016-11-03 11:28:29','2016-11-03 11:28:30'),(219,8,74,2,0,'2016-11-03 11:28:31','2016-11-03 11:28:31'),(220,8,75,3,0,'2016-11-03 11:28:32','2016-11-03 11:28:33'),(221,8,76,3,0,'2016-11-03 11:28:34','2016-11-03 11:28:34'),(222,8,77,2,0,'2016-11-03 11:28:36','2016-11-03 11:28:36'),(223,8,78,2,0,'2016-11-03 11:28:38','2016-11-03 11:28:38'),(224,8,79,3,0,'2016-11-03 11:28:39','2016-11-03 11:28:41'),(225,8,80,2,0,'2016-11-03 11:28:42','2016-11-03 11:28:42'),(226,8,81,2,0,'2016-11-03 11:28:43','2016-11-03 11:28:43'),(227,8,82,2,0,'2016-11-03 11:28:45','2016-11-03 11:28:45'),(228,8,83,1,0,'2016-11-03 11:28:46','2016-11-03 11:28:46'),(229,9,41,1,0,'2016-11-03 11:28:47','2016-11-03 11:28:47'),(230,8,84,2,0,'2016-11-03 11:28:48','2016-11-03 11:28:48'),(231,9,42,1,0,'2016-11-03 11:28:49','2016-11-03 11:28:49'),(232,8,85,3,0,'2016-11-03 11:28:49','2016-11-03 11:28:50'),(233,8,86,3,0,'2016-11-03 11:28:51','2016-11-03 11:28:52'),(234,8,87,2,0,'2016-11-03 11:28:53','2016-11-03 11:28:53'),(235,8,88,3,0,'2016-11-03 11:28:54','2016-11-03 11:28:54'),(236,8,89,2,0,'2016-11-03 11:28:55','2016-11-03 11:28:55'),(237,8,90,3,0,'2016-11-03 11:28:56','2016-11-03 11:28:57'),(238,8,91,3,0,'2016-11-03 11:28:58','2016-11-03 11:29:01'),(239,8,92,2,0,'2016-11-03 11:28:59','2016-11-03 11:28:59'),(240,8,93,3,0,'2016-11-03 11:29:02','2016-11-03 11:29:03'),(241,8,94,1,0,'2016-11-03 11:29:03','2016-11-03 11:29:03'),(242,8,95,3,0,'2016-11-03 11:29:04','2016-11-03 11:29:05'),(243,8,96,1,0,'2016-11-03 11:29:06','2016-11-03 11:29:06'),(244,8,97,1,0,'2016-11-03 11:29:08','2016-11-03 11:29:08'),(245,8,98,1,0,'2016-11-03 11:29:10','2016-11-03 11:29:10'),(246,8,99,3,0,'2016-11-03 11:29:11','2016-11-03 11:29:11'),(247,8,100,3,0,'2016-11-03 11:29:13','2016-11-03 11:29:14'),(248,8,101,2,0,'2016-11-03 11:29:15','2016-11-03 11:29:15'),(249,8,103,4,0,'2016-11-03 11:29:18','2016-11-03 11:29:18'),(250,8,104,2,0,'2016-11-03 11:29:20','2016-11-03 11:29:22'),(251,8,105,3,0,'2016-11-03 11:29:23','2016-11-03 11:29:23'),(252,7,5,1,0,'2016-11-03 11:29:24','2016-11-03 11:29:24'),(253,8,106,3,0,'2016-11-03 11:29:24','2016-11-03 11:29:24'),(254,8,107,1,0,'2016-11-03 11:29:25','2016-11-03 11:29:25'),(255,8,108,2,0,'2016-11-03 11:29:26','2016-11-03 11:29:26'),(256,8,109,1,0,'2016-11-03 11:29:29','2016-11-03 11:29:29'),(257,8,110,3,0,'2016-11-03 11:29:30','2016-11-03 11:29:30'),(258,8,111,3,0,'2016-11-03 11:29:32','2016-11-03 11:29:32'),(259,8,112,1,0,'2016-11-03 11:29:33','2016-11-03 11:29:33'),(260,8,113,1,0,'2016-11-03 11:29:34','2016-11-03 11:29:34'),(261,8,114,3,0,'2016-11-03 11:29:36','2016-11-03 11:29:36'),(262,8,115,3,0,'2016-11-03 11:29:38','2016-11-03 11:29:38'),(263,8,116,1,0,'2016-11-03 11:29:40','2016-11-03 11:29:40'),(264,8,117,3,0,'2016-11-03 11:29:43','2016-11-03 11:29:43'),(265,8,118,1,0,'2016-11-03 11:29:46','2016-11-03 11:29:46'),(266,8,119,1,0,'2016-11-03 11:29:48','2016-11-03 11:29:48'),(267,9,4,3,0,'2016-11-03 11:29:49','2016-11-03 11:40:18'),(268,8,120,1,0,'2016-11-03 11:29:51','2016-11-03 11:29:51'),(269,8,121,1,0,'2016-11-03 11:29:52','2016-11-03 11:29:52'),(270,8,122,1,0,'2016-11-03 11:29:53','2016-11-03 11:29:53'),(271,8,123,3,0,'2016-11-03 11:29:55','2016-11-03 11:29:55'),(272,8,124,2,0,'2016-11-03 11:29:57','2016-11-03 11:29:57'),(273,8,125,3,0,'2016-11-03 11:29:57','2016-11-03 11:29:59'),(274,9,9,1,0,'2016-11-03 11:29:58','2016-11-03 11:29:58'),(275,8,126,1,0,'2016-11-03 11:30:00','2016-11-03 11:30:00'),(276,8,127,1,0,'2016-11-03 11:30:10','2016-11-03 11:30:10'),(277,8,128,3,0,'2016-11-03 11:30:12','2016-11-03 11:30:12'),(278,9,19,1,0,'2016-11-03 11:30:12','2016-11-03 11:30:12'),(279,8,129,3,0,'2016-11-03 11:30:16','2016-11-03 11:30:16'),(280,8,130,3,0,'2016-11-03 11:30:18','2016-11-03 11:30:19'),(281,8,131,3,0,'2016-11-03 11:30:20','2016-11-03 11:30:21'),(282,8,132,3,0,'2016-11-03 11:30:22','2016-11-03 11:30:22'),(283,9,31,1,0,'2016-11-03 11:30:24','2016-11-03 11:30:24'),(284,9,32,1,0,'2016-11-03 11:30:25','2016-11-03 11:30:25'),(285,8,133,3,0,'2016-11-03 11:30:26','2016-11-03 11:30:26'),(286,8,134,3,0,'2016-11-03 11:30:32','2016-11-03 11:30:33'),(287,8,135,1,0,'2016-11-03 11:30:36','2016-11-03 11:30:36'),(288,9,39,1,0,'2016-11-03 11:30:40','2016-11-03 11:30:40'),(289,9,40,1,0,'2016-11-03 11:30:42','2016-11-03 11:30:42'),(290,8,136,3,0,'2016-11-03 11:30:42','2016-11-03 11:30:43'),(291,8,137,3,0,'2016-11-03 11:30:47','2016-11-03 11:30:48'),(292,9,45,1,0,'2016-11-03 11:30:48','2016-11-03 11:30:48'),(293,9,49,1,0,'2016-11-03 11:30:59','2016-11-03 11:30:59'),(294,9,57,1,0,'2016-11-03 11:31:06','2016-11-03 11:31:06'),(295,8,31,1,0,'2016-11-03 11:31:06','2016-11-03 11:31:06'),(296,8,32,1,0,'2016-11-03 11:31:07','2016-11-03 11:31:07'),(297,8,33,1,0,'2016-11-03 11:31:09','2016-11-03 11:31:09'),(298,8,34,1,0,'2016-11-03 11:31:10','2016-11-03 11:31:10'),(299,8,35,1,0,'2016-11-03 11:31:12','2016-11-03 11:31:12'),(300,8,36,1,0,'2016-11-03 11:31:13','2016-11-03 11:31:13'),(301,8,50,1,0,'2016-11-03 11:31:16','2016-11-03 11:31:16'),(302,9,65,1,0,'2016-11-03 11:31:19','2016-11-03 11:31:19'),(303,8,66,1,0,'2016-11-03 11:31:20','2016-11-03 11:31:20'),(304,8,138,1,0,'2016-11-03 11:31:22','2016-11-03 11:31:22'),(305,8,139,1,0,'2016-11-03 11:31:23','2016-11-03 11:31:23'),(306,8,140,1,0,'2016-11-03 11:31:25','2016-11-03 11:31:25'),(307,9,67,1,0,'2016-11-03 11:31:25','2016-11-03 11:31:25'),(308,9,70,1,0,'2016-11-03 11:31:28','2016-11-03 11:31:28'),(309,8,142,1,0,'2016-11-03 11:31:29','2016-11-03 11:31:29'),(310,8,143,2,0,'2016-11-03 11:31:31','2016-11-03 11:31:31'),(311,8,144,3,0,'2016-11-03 11:31:32','2016-11-03 11:31:33'),(312,8,145,3,0,'2016-11-03 11:31:33','2016-11-03 11:31:34'),(313,8,146,3,0,'2016-11-03 11:31:35','2016-11-03 11:31:35'),(314,8,147,3,0,'2016-11-03 11:31:36','2016-11-03 11:31:37'),(315,8,148,3,0,'2016-11-03 11:31:38','2016-11-03 11:31:38'),(316,8,150,3,0,'2016-11-03 11:31:40','2016-11-03 11:31:41'),(317,8,151,2,0,'2016-11-03 11:31:43','2016-11-03 11:31:43'),(318,8,152,2,0,'2016-11-03 11:31:44','2016-11-03 11:31:45'),(319,8,153,2,0,'2016-11-03 11:31:46','2016-11-03 11:31:46'),(320,8,154,3,0,'2016-11-03 11:31:47','2016-11-03 11:31:48'),(321,8,155,3,0,'2016-11-03 11:31:49','2016-11-03 11:31:49'),(322,9,82,1,0,'2016-11-03 11:31:49','2016-11-03 11:31:49'),(323,8,156,2,0,'2016-11-03 11:31:51','2016-11-03 11:31:51'),(324,8,157,2,0,'2016-11-03 11:31:52','2016-11-03 11:31:52'),(325,8,158,1,0,'2016-11-03 11:31:56','2016-11-03 11:31:56'),(326,8,159,1,0,'2016-11-03 11:31:58','2016-11-03 11:31:58'),(327,8,160,2,0,'2016-11-03 11:32:00','2016-11-03 11:32:00'),(328,8,161,3,0,'2016-11-03 11:32:01','2016-11-03 11:32:02'),(329,8,162,3,0,'2016-11-03 11:32:04','2016-11-03 11:32:04'),(330,9,85,1,0,'2016-11-03 11:32:06','2016-11-03 11:32:06'),(331,8,163,2,0,'2016-11-03 11:32:07','2016-11-03 11:32:10'),(332,8,164,1,0,'2016-11-03 11:32:08','2016-11-03 11:32:08'),(333,9,86,1,0,'2016-11-03 11:32:10','2016-11-03 11:32:10'),(334,8,165,3,0,'2016-11-03 11:32:12','2016-11-03 11:32:16'),(335,8,166,3,0,'2016-11-03 11:32:13','2016-11-03 11:32:15'),(336,8,167,3,0,'2016-11-03 11:32:14','2016-11-03 11:32:17'),(337,9,88,1,0,'2016-11-03 11:32:14','2016-11-03 11:32:14'),(338,8,168,1,0,'2016-11-03 11:32:19','2016-11-03 11:32:19'),(339,8,169,1,0,'2016-11-03 11:32:20','2016-11-03 11:32:20'),(340,8,170,4,0,'2016-11-03 11:32:21','2016-11-03 11:32:22'),(341,8,171,1,0,'2016-11-03 11:32:24','2016-11-03 11:32:24'),(342,8,172,1,0,'2016-11-03 11:32:26','2016-11-03 11:32:26'),(344,8,173,3,0,'2016-11-03 11:32:27','2016-11-03 11:32:28'),(345,8,174,3,0,'2016-11-03 11:32:30','2016-11-03 11:32:30'),(346,8,175,2,0,'2016-11-03 11:32:32','2016-11-03 11:32:34'),(348,8,176,1,0,'2016-11-03 11:32:35','2016-11-03 11:32:35'),(349,8,177,3,0,'2016-11-03 11:32:36','2016-11-03 11:32:36'),(351,8,178,3,0,'2016-11-03 11:32:38','2016-11-03 11:32:38'),(352,8,179,3,0,'2016-11-03 11:32:39','2016-11-03 11:32:39'),(353,8,180,3,0,'2016-11-03 11:32:41','2016-11-03 11:32:41'),(354,8,181,3,0,'2016-11-03 11:32:43','2016-11-03 11:32:43'),(355,8,182,1,0,'2016-11-03 11:32:45','2016-11-03 11:32:45'),(356,8,183,1,0,'2016-11-03 11:32:46','2016-11-03 11:32:46'),(357,8,184,1,0,'2016-11-03 11:32:48','2016-11-03 11:32:48'),(358,8,185,1,0,'2016-11-03 11:32:51','2016-11-03 11:32:51'),(359,8,186,1,0,'2016-11-03 11:32:52','2016-11-03 11:32:52'),(360,8,187,3,0,'2016-11-03 11:32:53','2016-11-03 11:32:54'),(361,8,188,3,0,'2016-11-03 11:32:56','2016-11-03 11:32:57'),(362,8,189,3,0,'2016-11-03 11:32:58','2016-11-03 11:32:58'),(363,8,190,3,0,'2016-11-03 11:33:00','2016-11-03 11:33:00'),(364,8,191,3,0,'2016-11-03 11:33:01','2016-11-03 11:33:02'),(365,8,192,3,0,'2016-11-03 11:33:05','2016-11-03 11:33:05'),(366,8,193,3,0,'2016-11-03 11:33:08','2016-11-03 11:33:08'),(367,8,194,3,0,'2016-11-03 11:33:09','2016-11-03 11:33:10'),(368,8,195,3,0,'2016-11-03 11:33:11','2016-11-03 11:33:12'),(369,8,196,3,0,'2016-11-03 11:33:14','2016-11-03 11:33:14'),(370,8,199,1,0,'2016-11-03 11:33:21','2016-11-03 11:33:21'),(371,8,202,3,0,'2016-11-03 11:33:30','2016-11-03 11:33:31'),(372,8,203,3,0,'2016-11-03 11:33:32','2016-11-03 11:33:32'),(373,8,204,3,0,'2016-11-03 11:33:33','2016-11-03 11:33:33'),(374,8,205,3,0,'2016-11-03 11:33:34','2016-11-03 11:33:34'),(375,8,206,3,0,'2016-11-03 11:33:35','2016-11-03 11:33:36'),(376,8,207,2,0,'2016-11-03 11:33:38','2016-11-03 11:33:38'),(377,8,208,3,0,'2016-11-03 11:33:42','2016-11-03 11:33:42'),(378,8,209,3,0,'2016-11-03 11:33:44','2016-11-03 11:33:44'),(379,8,210,3,0,'2016-11-03 11:33:45','2016-11-03 11:33:45'),(380,8,211,3,0,'2016-11-03 11:33:47','2016-11-03 11:33:47'),(381,9,125,1,0,'2016-11-03 11:33:49','2016-11-03 11:33:49'),(383,8,213,1,0,'2016-11-03 11:34:00','2016-11-03 11:34:00'),(384,9,116,1,0,'2016-11-03 11:34:01','2016-11-03 11:35:08'),(386,9,98,1,0,'2016-11-03 11:35:45','2016-11-03 11:35:45'),(387,9,99,3,0,'2016-11-03 11:35:48','2016-11-03 11:42:41'),(388,9,102,1,0,'2016-11-03 11:35:51','2016-11-03 11:35:51'),(389,9,103,1,0,'2016-11-03 11:35:55','2016-11-03 11:35:55'),(390,9,109,1,0,'2016-11-03 11:36:05','2016-11-03 11:36:05'),(391,9,110,1,0,'2016-11-03 11:36:08','2016-11-03 11:36:08'),(392,9,113,1,0,'2016-11-03 11:36:15','2016-11-03 11:36:15'),(393,9,118,1,0,'2016-11-03 11:36:25','2016-11-03 11:36:27'),(394,9,120,3,0,'2016-11-03 11:36:30','2016-11-03 11:43:16'),(395,9,124,1,0,'2016-11-03 11:36:36','2016-11-03 11:36:36'),(396,9,129,1,0,'2016-11-03 11:36:44','2016-11-03 11:36:44'),(397,9,133,1,0,'2016-11-03 11:36:56','2016-11-03 11:36:56'),(398,9,139,1,0,'2016-11-03 11:36:58','2016-11-03 11:36:58'),(399,9,142,1,0,'2016-11-03 11:37:10','2016-11-03 11:37:10'),(400,9,143,1,0,'2016-11-03 11:37:12','2016-11-03 11:37:12'),(401,9,145,1,0,'2016-11-03 11:37:15','2016-11-03 11:37:15'),(402,9,147,1,0,'2016-11-03 11:37:21','2016-11-03 11:37:21'),(403,9,158,1,0,'2016-11-03 11:37:32','2016-11-03 11:37:32'),(404,9,161,1,0,'2016-11-03 11:37:36','2016-11-03 11:37:36'),(405,9,162,1,0,'2016-11-03 11:37:38','2016-11-03 11:37:38'),(406,9,164,1,0,'2016-11-03 11:37:46','2016-11-03 11:37:46'),(407,9,165,1,0,'2016-11-03 11:37:47','2016-11-03 11:37:47'),(408,9,168,2,0,'2016-11-03 11:37:56','2016-11-03 11:43:34'),(409,9,170,2,0,'2016-11-03 11:37:58','2016-11-03 11:43:35'),(410,9,173,1,0,'2016-11-03 11:38:00','2016-11-03 11:38:00'),(411,9,185,1,0,'2016-11-03 11:38:08','2016-11-03 11:38:08'),(412,9,187,3,1,'2016-11-03 11:38:09','2016-11-03 22:48:38'),(413,9,188,3,0,'2016-11-03 11:39:32','2016-11-03 11:39:33'),(414,9,189,3,0,'2016-11-03 11:39:45','2016-11-03 11:39:45'),(415,9,190,3,0,'2016-11-03 11:39:53','2016-11-03 11:39:53'),(416,9,191,3,0,'2016-11-03 11:40:02','2016-11-03 11:40:03'),(417,9,10,2,0,'2016-11-03 11:40:33','2016-11-03 11:40:34'),(418,9,11,2,0,'2016-11-03 11:40:41','2016-11-03 11:40:41'),(419,9,14,2,0,'2016-11-03 11:40:49','2016-11-03 11:40:49'),(420,9,24,2,0,'2016-11-03 11:41:01','2016-11-03 11:41:01'),(421,9,25,2,0,'2016-11-03 11:41:07','2016-11-03 11:41:07'),(422,9,202,3,0,'2016-11-03 11:41:21','2016-11-03 11:41:22'),(423,9,203,3,0,'2016-11-03 11:41:30','2016-11-03 11:41:30'),(424,9,204,3,0,'2016-11-03 11:41:38','2016-11-03 11:41:39'),(425,9,205,3,0,'2016-11-03 11:41:51','2016-11-03 11:41:51'),(426,9,206,3,0,'2016-11-03 11:42:00','2016-11-03 11:42:00'),(427,9,92,2,0,'2016-11-03 11:42:19','2016-11-03 11:42:19'),(428,9,106,2,0,'2016-11-03 11:42:58','2016-11-03 11:42:58'),(429,10,3,2,0,'2016-11-03 12:01:46','2016-11-03 12:01:46'),(457,15,111,1,0,'2016-11-03 15:10:16','2016-11-03 15:10:16'),(458,18,187,3,0,'2016-11-03 15:32:49','2016-11-03 15:32:50'),(459,18,188,4,0,'2016-11-03 15:33:01','2016-11-03 15:47:17'),(460,18,189,3,0,'2016-11-03 15:33:08','2016-11-03 15:33:09'),(461,18,190,3,0,'2016-11-03 15:33:15','2016-11-03 15:33:17'),(462,18,191,3,0,'2016-11-03 15:33:32','2016-11-03 15:33:32'),(463,18,4,3,0,'2016-11-03 15:33:42','2016-11-03 15:51:14'),(464,18,10,2,0,'2016-11-03 15:33:47','2016-11-03 15:33:48'),(465,18,11,3,0,'2016-11-03 15:33:56','2016-11-03 15:45:48'),(466,18,14,3,0,'2016-11-03 15:34:00','2016-11-03 15:48:56'),(467,18,24,2,0,'2016-11-03 15:34:05','2016-11-03 15:34:06'),(468,18,25,3,0,'2016-11-03 15:34:09','2016-11-03 15:47:04'),(469,18,202,3,0,'2016-11-03 15:34:16','2016-11-03 15:34:21'),(470,18,203,3,0,'2016-11-03 15:34:25','2016-11-03 15:34:29'),(471,18,204,3,0,'2016-11-03 15:34:35','2016-11-03 15:34:37'),(472,18,205,3,0,'2016-11-03 15:34:44','2016-11-03 15:34:45'),(473,18,206,3,0,'2016-11-03 15:34:53','2016-11-03 15:34:53'),(474,18,92,3,0,'2016-11-03 15:35:00','2016-11-03 15:49:46'),(475,18,99,4,0,'2016-11-03 15:35:06','2016-11-03 15:54:25'),(476,18,106,1,0,'2016-11-03 15:35:11','2016-11-03 15:35:11'),(477,18,120,4,0,'2016-11-03 15:35:18','2016-11-03 15:54:52'),(479,18,210,1,0,'2016-11-03 15:38:52','2016-11-03 15:38:52'),(480,18,207,3,0,'2016-11-03 15:39:06','2016-11-03 15:39:07'),(481,18,208,3,0,'2016-11-03 15:39:30','2016-11-03 15:39:35'),(482,18,209,3,0,'2016-11-03 15:39:39','2016-11-03 15:39:40'),(483,18,211,3,0,'2016-11-03 15:39:58','2016-11-03 15:39:59'),(484,18,123,3,0,'2016-11-03 15:40:11','2016-11-03 15:49:29'),(485,18,133,2,0,'2016-11-03 15:40:21','2016-11-03 15:40:22'),(486,18,138,2,0,'2016-11-03 15:40:33','2016-11-03 15:40:34'),(487,18,140,3,0,'2016-11-03 15:40:41','2016-11-03 15:49:49'),(488,18,147,3,0,'2016-11-03 15:40:49','2016-11-03 15:45:05'),(489,18,192,3,0,'2016-11-03 15:41:18','2016-11-03 15:41:22'),(490,18,193,1,0,'2016-11-03 15:41:34','2016-11-03 15:41:34'),(491,18,194,3,0,'2016-11-03 15:41:51','2016-11-03 15:41:52'),(492,18,195,4,0,'2016-11-03 15:42:10','2016-11-03 15:48:26'),(493,18,196,3,0,'2016-11-03 15:42:19','2016-11-03 15:42:23'),(494,18,36,2,0,'2016-11-03 15:42:33','2016-11-03 15:42:33'),(495,18,38,2,0,'2016-11-03 15:42:40','2016-11-03 15:42:41'),(496,18,40,3,0,'2016-11-03 15:42:46','2016-11-03 15:49:56'),(497,18,54,5,0,'2016-11-03 15:42:52','2016-11-03 15:53:15'),(498,18,68,2,0,'2016-11-03 15:43:40','2016-11-03 15:54:20'),(499,18,157,1,0,'2016-11-03 15:43:55','2016-11-03 15:43:55'),(500,18,170,3,0,'2016-11-03 15:44:13','2016-11-03 15:54:46'),(501,18,9,2,0,'2016-11-03 15:44:21','2016-11-03 15:53:10'),(502,18,69,2,0,'2016-11-03 15:44:25','2016-11-03 15:54:34'),(503,18,7,1,0,'2016-11-03 15:45:17','2016-11-03 15:45:17'),(504,18,144,1,0,'2016-11-03 15:45:26','2016-11-03 15:45:26'),(505,18,74,1,0,'2016-11-03 15:45:31','2016-11-03 15:45:31'),(506,18,80,1,0,'2016-11-03 15:45:35','2016-11-03 15:45:35'),(507,18,136,1,0,'2016-11-03 15:45:41','2016-11-03 15:45:41'),(508,18,100,1,0,'2016-11-03 15:45:53','2016-11-03 15:45:53'),(509,18,33,1,0,'2016-11-03 15:45:58','2016-11-03 15:45:58'),(510,18,78,2,0,'2016-11-03 15:46:05','2016-11-03 15:51:29'),(511,18,119,1,0,'2016-11-03 15:46:11','2016-11-03 15:46:11'),(512,18,88,1,0,'2016-11-03 15:46:16','2016-11-03 15:46:16'),(513,18,199,1,0,'2016-11-03 15:46:21','2016-11-03 15:46:21'),(514,18,91,1,0,'2016-11-03 15:46:27','2016-11-03 15:46:27'),(515,18,177,1,0,'2016-11-03 15:46:31','2016-11-03 15:46:31'),(516,18,64,1,0,'2016-11-03 15:46:36','2016-11-03 15:46:36'),(517,18,146,1,0,'2016-11-03 15:46:41','2016-11-03 15:46:41'),(518,18,111,2,0,'2016-11-03 15:46:46','2016-11-03 15:47:46'),(519,18,166,2,0,'2016-11-03 15:46:50','2016-11-03 15:47:52'),(520,18,8,2,0,'2016-11-03 15:46:54','2016-11-03 15:48:03'),(521,18,76,2,0,'2016-11-03 15:46:58','2016-11-03 15:48:06'),(522,18,115,1,0,'2016-11-03 15:47:08','2016-11-03 15:47:08'),(523,18,172,2,0,'2016-11-03 15:47:13','2016-11-03 15:48:22'),(524,18,98,1,0,'2016-11-03 15:47:25','2016-11-03 15:47:25'),(525,18,151,1,0,'2016-11-03 15:47:32','2016-11-03 15:47:32'),(526,18,81,2,0,'2016-11-03 15:47:36','2016-11-03 15:55:58'),(527,18,83,1,0,'2016-11-03 15:47:42','2016-11-03 15:47:42'),(528,18,167,1,0,'2016-11-03 15:48:10','2016-11-03 15:48:10'),(529,18,75,1,0,'2016-11-03 15:48:17','2016-11-03 15:48:17'),(530,18,52,1,0,'2016-11-03 15:48:32','2016-11-03 15:48:32'),(531,18,30,1,0,'2016-11-03 15:48:36','2016-11-03 15:48:36'),(532,18,85,1,0,'2016-11-03 15:48:41','2016-11-03 15:48:41'),(533,18,13,1,0,'2016-11-03 15:48:45','2016-11-03 15:48:45'),(534,18,121,1,0,'2016-11-03 15:48:49','2016-11-03 15:48:49'),(535,18,35,1,0,'2016-11-03 15:48:53','2016-11-03 15:48:53'),(536,18,159,1,0,'2016-11-03 15:49:01','2016-11-03 15:49:01'),(537,18,16,1,0,'2016-11-03 15:49:10','2016-11-03 15:49:10'),(538,18,132,1,0,'2016-11-03 15:49:16','2016-11-03 15:49:16'),(539,18,97,1,0,'2016-11-03 15:49:25','2016-11-03 15:49:25'),(540,18,112,1,0,'2016-11-03 15:49:32','2016-11-03 15:49:32'),(541,18,154,1,0,'2016-11-03 15:49:35','2016-11-03 15:49:35'),(542,18,160,1,0,'2016-11-03 15:49:40','2016-11-03 15:49:40'),(543,18,48,1,0,'2016-11-03 15:49:43','2016-11-03 15:49:43'),(544,18,105,1,0,'2016-11-03 15:49:52','2016-11-03 15:49:52'),(545,18,86,2,0,'2016-11-03 15:49:59','2016-11-03 15:51:26'),(546,18,26,1,0,'2016-11-03 15:50:03','2016-11-03 15:50:03'),(547,18,130,2,0,'2016-11-03 15:50:08','2016-11-03 15:51:22'),(548,18,34,1,0,'2016-11-03 15:50:12','2016-11-03 15:50:12'),(549,18,20,1,0,'2016-11-03 15:50:18','2016-11-03 15:50:18'),(550,18,137,1,0,'2016-11-03 15:50:22','2016-11-03 15:50:22'),(551,18,185,1,0,'2016-11-03 15:50:26','2016-11-03 15:50:26'),(552,18,70,1,0,'2016-11-03 15:51:18','2016-11-03 15:54:42'),(553,18,161,1,0,'2016-11-03 15:51:33','2016-11-03 15:51:33'),(554,18,148,1,0,'2016-11-03 15:51:37','2016-11-03 15:51:37'),(555,18,201,1,0,'2016-11-03 15:51:41','2016-11-03 15:51:41'),(556,18,114,1,0,'2016-11-03 15:52:24','2016-11-03 15:52:24'),(557,18,174,1,0,'2016-11-03 15:52:28','2016-11-03 15:52:28'),(558,18,47,1,0,'2016-11-03 15:52:35','2016-11-03 15:52:35'),(559,18,27,1,0,'2016-11-03 15:52:44','2016-11-03 15:52:44'),(560,18,110,1,0,'2016-11-03 15:52:50','2016-11-03 15:52:50'),(561,18,49,1,0,'2016-11-03 15:52:55','2016-11-03 15:52:55'),(562,18,19,1,0,'2016-11-03 15:52:59','2016-11-03 15:52:59'),(563,18,139,1,0,'2016-11-03 15:53:05','2016-11-03 15:53:05'),(564,18,60,1,0,'2016-11-03 15:53:19','2016-11-03 15:53:19'),(565,18,2,1,0,'2016-11-03 15:53:22','2016-11-03 15:53:22'),(566,18,134,1,0,'2016-11-03 15:53:31','2016-11-03 15:53:31'),(567,18,67,1,0,'2016-11-03 15:53:37','2016-11-03 15:53:37'),(568,18,15,1,0,'2016-11-03 15:53:42','2016-11-03 15:53:42'),(569,18,71,1,0,'2016-11-03 15:53:49','2016-11-03 15:53:49'),(570,18,129,1,0,'2016-11-03 15:54:05','2016-11-03 15:54:05'),(571,18,31,1,0,'2016-11-03 15:54:13','2016-11-03 15:54:13'),(572,18,44,1,0,'2016-11-03 15:54:59','2016-11-03 15:54:59'),(573,18,101,1,0,'2016-11-03 15:55:47','2016-11-03 15:55:47'),(574,18,155,1,0,'2016-11-03 15:55:52','2016-11-03 15:55:52'),(577,20,1,2,1,'2016-11-03 19:24:19','2016-11-03 19:24:21'),(579,21,2,1,0,'2016-11-03 19:38:28','2016-11-03 19:38:28'),(580,23,206,3,0,'2016-11-03 20:43:07','2016-11-03 20:43:09'),(581,23,205,3,0,'2016-11-03 20:43:15','2016-11-03 20:43:15'),(582,23,204,3,0,'2016-11-03 20:43:20','2016-11-03 20:43:21'),(583,23,203,3,0,'2016-11-03 20:43:26','2016-11-03 20:43:26'),(584,23,202,3,1,'2016-11-03 20:43:29','2016-11-03 20:55:45'),(585,23,3,1,0,'2016-11-03 20:44:16','2016-11-03 20:44:16'),(586,23,4,2,0,'2016-11-03 20:44:19','2016-11-03 20:44:19'),(590,23,7,1,0,'2016-11-03 20:44:44','2016-11-03 20:44:44'),(591,23,8,1,0,'2016-11-03 20:44:45','2016-11-03 20:44:45'),(592,23,10,3,0,'2016-11-03 20:44:50','2016-11-03 20:44:51'),(593,23,11,2,0,'2016-11-03 20:44:54','2016-11-03 20:44:55'),(594,23,14,3,0,'2016-11-03 20:45:01','2016-11-03 20:45:01'),(595,23,19,1,0,'2016-11-03 20:45:12','2016-11-03 20:45:12'),(596,23,20,1,0,'2016-11-03 20:45:14','2016-11-03 20:45:14'),(597,23,24,3,0,'2016-11-03 20:45:23','2016-11-03 20:45:24'),(598,23,25,3,0,'2016-11-03 20:45:30','2016-11-03 20:45:31'),(599,23,26,2,0,'2016-11-03 20:45:33','2016-11-03 20:45:34'),(600,23,28,1,0,'2016-11-03 20:45:39','2016-11-03 20:45:39'),(601,23,29,1,0,'2016-11-03 20:45:42','2016-11-03 20:45:42'),(602,23,33,1,0,'2016-11-03 20:45:50','2016-11-03 20:45:50'),(603,23,34,1,0,'2016-11-03 20:45:51','2016-11-03 20:45:51'),(604,23,35,1,0,'2016-11-03 20:45:51','2016-11-03 20:45:51'),(605,23,37,1,0,'2016-11-03 20:46:08','2016-11-03 20:46:08'),(606,23,38,1,0,'2016-11-03 20:46:10','2016-11-03 20:46:10'),(607,23,39,2,1,'2016-11-03 20:46:11','2016-11-03 20:59:05'),(608,23,40,1,0,'2016-11-03 20:46:12','2016-11-03 20:46:12'),(609,23,42,1,0,'2016-11-03 20:46:34','2016-11-03 20:46:34'),(610,23,48,1,0,'2016-11-03 20:46:46','2016-11-03 20:46:46'),(611,23,53,1,0,'2016-11-03 20:46:57','2016-11-03 20:46:57'),(612,23,55,1,0,'2016-11-03 20:47:10','2016-11-03 20:47:10'),(613,23,60,1,0,'2016-11-03 20:47:21','2016-11-03 20:47:21'),(614,23,65,1,0,'2016-11-03 20:47:48','2016-11-03 20:47:48'),(615,23,68,2,0,'2016-11-03 20:47:59','2016-11-03 20:47:59'),(616,23,72,1,0,'2016-11-03 20:48:05','2016-11-03 20:48:05'),(617,23,73,1,0,'2016-11-03 20:48:07','2016-11-03 20:48:07'),(618,23,74,3,0,'2016-11-03 20:48:12','2016-11-03 20:48:13'),(619,23,76,1,0,'2016-11-03 20:48:34','2016-11-03 20:48:34'),(620,23,77,2,0,'2016-11-03 20:48:38','2016-11-03 20:48:38'),(621,23,78,3,0,'2016-11-03 20:48:41','2016-11-03 20:48:41'),(622,23,79,1,0,'2016-11-03 20:48:44','2016-11-03 20:48:44'),(623,23,81,1,0,'2016-11-03 20:48:59','2016-11-03 20:48:59'),(624,23,86,1,0,'2016-11-03 20:49:09','2016-11-03 20:49:09'),(625,23,87,2,0,'2016-11-03 20:49:10','2016-11-03 20:49:10'),(626,23,88,1,0,'2016-11-03 20:49:11','2016-11-03 20:49:11'),(627,23,91,1,0,'2016-11-03 20:49:16','2016-11-03 20:49:16'),(628,23,92,2,0,'2016-11-03 20:49:18','2016-11-03 20:49:18'),(630,23,99,2,0,'2016-11-03 20:49:49','2016-11-03 20:49:49'),(631,23,106,3,0,'2016-11-03 20:49:58','2016-11-03 20:50:13'),(632,23,111,1,0,'2016-11-03 20:50:23','2016-11-03 20:50:23'),(633,23,115,2,0,'2016-11-03 20:50:34','2016-11-03 20:50:34'),(634,23,118,1,0,'2016-11-03 20:50:47','2016-11-03 20:50:47'),(635,23,119,1,0,'2016-11-03 20:50:48','2016-11-03 20:50:48'),(636,23,120,2,1,'2016-11-03 20:50:50','2016-11-03 20:50:56'),(637,23,121,1,0,'2016-11-03 20:51:16','2016-11-03 20:51:16'),(638,23,122,1,0,'2016-11-03 20:51:16','2016-11-03 20:51:16'),(639,23,128,1,0,'2016-11-03 20:51:30','2016-11-03 20:51:30'),(640,23,129,1,0,'2016-11-03 20:51:32','2016-11-03 20:51:32'),(641,23,130,1,0,'2016-11-03 20:51:35','2016-11-03 20:51:35'),(642,23,134,1,1,'2016-11-03 20:51:42','2016-11-03 20:51:42'),(643,23,138,1,0,'2016-11-03 20:51:58','2016-11-03 20:51:58'),(644,23,139,2,0,'2016-11-03 20:52:01','2016-11-03 20:52:01'),(645,23,144,1,0,'2016-11-03 20:52:13','2016-11-03 20:52:13'),(646,23,145,1,0,'2016-11-03 20:52:14','2016-11-03 20:52:14'),(647,23,149,1,0,'2016-11-03 20:52:28','2016-11-03 20:52:28'),(648,23,151,1,0,'2016-11-03 20:52:30','2016-11-03 20:52:30'),(649,23,153,1,0,'2016-11-03 20:52:31','2016-11-03 20:52:31'),(650,23,158,1,0,'2016-11-03 20:52:40','2016-11-03 20:52:40'),(651,23,159,2,0,'2016-11-03 20:52:41','2016-11-03 20:52:41'),(652,23,161,1,0,'2016-11-03 20:52:50','2016-11-03 20:52:50'),(653,23,162,1,0,'2016-11-03 20:52:51','2016-11-03 20:52:51'),(654,23,165,2,0,'2016-11-03 20:53:01','2016-11-03 20:53:01'),(655,23,166,2,0,'2016-11-03 20:53:02','2016-11-03 20:53:02'),(656,23,167,2,0,'2016-11-03 20:53:05','2016-11-03 20:53:05'),(657,23,168,3,0,'2016-11-03 20:53:07','2016-11-03 20:53:08'),(659,23,173,1,0,'2016-11-03 20:53:28','2016-11-03 20:53:28'),(660,23,177,1,0,'2016-11-03 20:53:36','2016-11-03 20:53:36'),(661,23,178,2,0,'2016-11-03 20:53:37','2016-11-03 20:53:37'),(662,23,183,1,0,'2016-11-03 20:53:52','2016-11-03 20:53:52'),(663,23,187,3,0,'2016-11-03 20:54:04','2016-11-03 20:54:05'),(664,23,188,3,0,'2016-11-03 20:54:07','2016-11-03 20:54:08'),(665,23,189,3,0,'2016-11-03 20:54:13','2016-11-03 20:54:13'),(666,23,190,3,0,'2016-11-03 20:54:20','2016-11-03 20:54:21'),(667,23,191,3,0,'2016-11-03 20:54:42','2016-11-03 20:54:42'),(668,23,197,3,0,'2016-11-03 20:55:14','2016-11-03 20:55:15'),(669,23,198,3,0,'2016-11-03 20:55:17','2016-11-03 20:55:18'),(670,23,199,3,0,'2016-11-03 20:55:19','2016-11-03 20:55:20'),(671,23,200,3,0,'2016-11-03 20:55:22','2016-11-03 20:55:22'),(672,23,201,3,0,'2016-11-03 20:55:24','2016-11-03 20:55:25'),(673,23,212,3,0,'2016-11-03 20:57:03','2016-11-03 20:57:04'),(674,23,213,3,0,'2016-11-03 20:57:05','2016-11-03 20:57:05'),(675,23,214,3,0,'2016-11-03 20:57:06','2016-11-03 20:57:07'),(676,23,215,3,0,'2016-11-03 20:57:08','2016-11-03 20:57:08'),(677,23,216,3,0,'2016-11-03 20:57:09','2016-11-03 20:57:11'),(679,23,170,1,1,'2016-11-03 21:35:38','2016-11-03 21:35:38'),(680,23,5,1,0,'2016-11-03 21:35:49','2016-11-03 21:35:49'),(685,26,141,1,0,'2016-11-04 00:22:07','2016-11-04 00:22:07');
/*!40000 ALTER TABLE `collections` ENABLE KEYS */;
UNLOCK TABLES;

--
-- Table structure for table `migrations`
--

DROP TABLE IF EXISTS `migrations`;
/*!40101 SET @saved_cs_client     = @@character_set_client */;
/*!40101 SET character_set_client = utf8 */;
CREATE TABLE `migrations` (
  `id` int(10) unsigned NOT NULL AUTO_INCREMENT,
  `migration` varchar(255) COLLATE utf8_unicode_ci NOT NULL,
  `batch` int(11) NOT NULL,
  PRIMARY KEY (`id`)
) ENGINE=InnoDB AUTO_INCREMENT=20 DEFAULT CHARSET=utf8 COLLATE=utf8_unicode_ci;
/*!40101 SET character_set_client = @saved_cs_client */;

--
-- Dumping data for table `migrations`
--

LOCK TABLES `migrations` WRITE;
/*!40000 ALTER TABLE `migrations` DISABLE KEYS */;
INSERT INTO `migrations` VALUES (16,'2014_10_12_000000_create_users_table',1),(17,'2014_10_12_100000_create_password_resets_table',1),(18,'2016_11_02_161726_create_cards_tables',1),(19,'2016_11_03_175332_add_foil_option',2);
/*!40000 ALTER TABLE `migrations` ENABLE KEYS */;
UNLOCK TABLES;

--
-- Table structure for table `password_resets`
--

DROP TABLE IF EXISTS `password_resets`;
/*!40101 SET @saved_cs_client     = @@character_set_client */;
/*!40101 SET character_set_client = utf8 */;
CREATE TABLE `password_resets` (
  `email` varchar(255) COLLATE utf8_unicode_ci NOT NULL,
  `token` varchar(255) COLLATE utf8_unicode_ci NOT NULL,
  `created_at` timestamp NULL DEFAULT NULL,
  KEY `password_resets_email_index` (`email`),
  KEY `password_resets_token_index` (`token`)
) ENGINE=InnoDB DEFAULT CHARSET=utf8 COLLATE=utf8_unicode_ci;
/*!40101 SET character_set_client = @saved_cs_client */;

--
-- Dumping data for table `password_resets`
--

LOCK TABLES `password_resets` WRITE;
/*!40000 ALTER TABLE `password_resets` DISABLE KEYS */;
/*!40000 ALTER TABLE `password_resets` ENABLE KEYS */;
UNLOCK TABLES;

--
-- Table structure for table `users`
--

DROP TABLE IF EXISTS `users`;
/*!40101 SET @saved_cs_client     = @@character_set_client */;
/*!40101 SET character_set_client = utf8 */;
CREATE TABLE `users` (
  `id` int(10) unsigned NOT NULL AUTO_INCREMENT,
  `name` varchar(255) COLLATE utf8_unicode_ci NOT NULL,
  `username` varchar(255) COLLATE utf8_unicode_ci NOT NULL,
  `email` varchar(255) COLLATE utf8_unicode_ci NOT NULL,
  `password` varchar(255) COLLATE utf8_unicode_ci NOT NULL,
  `admin` tinyint(1) NOT NULL DEFAULT '0',
  `remember_token` varchar(100) COLLATE utf8_unicode_ci DEFAULT NULL,
  `created_at` timestamp NULL DEFAULT NULL,
  `updated_at` timestamp NULL DEFAULT NULL,
  `deleted_at` timestamp NULL DEFAULT NULL,
  PRIMARY KEY (`id`),
  UNIQUE KEY `users_username_unique` (`username`),
  UNIQUE KEY `users_email_unique` (`email`)
) ENGINE=InnoDB AUTO_INCREMENT=27 DEFAULT CHARSET=utf8 COLLATE=utf8_unicode_ci;
/*!40101 SET character_set_client = @saved_cs_client */;

--
-- Dumping data for table `users`
--

LOCK TABLES `users` WRITE;
/*!40000 ALTER TABLE `users` DISABLE KEYS */;
INSERT INTO `users` VALUES (1,'Dan','dan','danives@btopenworld.com','$2y$10$UQ6tHt7mbQXa5lawOt/lZetlrexWNDWO489ljiDjgGts0Vz9/vwuK',1,'ovdDuebAhwq4N98cQjhLuQrXLSunrHd4eSBxiyRcfBh2XQqKXeB5JJFrk0vX','2016-11-02 18:16:12','2016-11-02 22:13:25',NULL),(2,'Alain D\'Ettorre ','alain.det','alain.det@gmail.com','$2y$10$gLBxlCTBEZmKrU8SDDxdg.gQ3FbSzXmU.a5qShRFOYuSe3jHYFIOu',0,NULL,'2016-11-02 23:54:14','2016-11-02 23:54:14',NULL),(3,'Todd','Lokey','lokey77@gmail.com','$2y$10$C9bn7ne.bEz/m.K3sVOs3.dk5wpk30MbSDsXf39tQ4y1E2Fww6VmW',0,NULL,'2016-11-03 00:01:49','2016-11-03 00:01:49',NULL),(4,'Carl','Kaaru','gigadrillbreaker@hotmail.co.uk','$2y$10$Vmd1wJirpvE7fDc2fgdtOuFBJ6PQdc.8JmKQl1p6fatfbV5lGSti2',0,NULL,'2016-11-03 00:16:15','2016-11-03 00:16:15',NULL),(5,'TheKingsman','TheKingsman','Redmaskgaming@gmail.com','$2y$10$cBa7AJ4dvJ7X7U2Vo8uU0uHTt3fFlTRxOwu1JSAY12gMo7AzlMsX.',0,NULL,'2016-11-03 01:08:53','2016-11-03 01:08:53',NULL),(6,'AnimusLiberus','AnimusLiberus','demasterjedi@msn.com','$2y$10$GEu1QCEE1iWZ6/lQbRVVjuF.9ZlMI7CRPGq.XvWslRyOOjNIwodIy',0,NULL,'2016-11-03 09:08:44','2016-11-03 09:08:44',NULL),(7,'Javier','Ashgarth','Ashgarth81@gmail.com','$2y$10$X2GAtvm.4LTxFanw.K8.z.HHEX/PCUCkwdVPXe3BpPmj/mK9kbpXW',0,'S0rAIoI0ObQo3KCbooafnqit70IzNxGt8JGgH2oUVMwPHPnU949P4xQLkEwz','2016-11-03 10:56:52','2016-11-03 11:19:25',NULL),(8,'carlos','Morlock','capitan.7@hotmail.es','$2y$10$HdRRJygRPnjUQgKcjuaxxeQ6d85/7FscWPHCZH2AvWq5JZaqus46C',0,NULL,'2016-11-03 11:25:57','2016-11-03 11:25:57',NULL),(9,'John Bowles','strikebang','jbowles23@hotmail.com','$2y$10$2CsirrS.P0BsyV4vHz59ie7pv73xRajDzrkafGAdrOk3vmUDujcMO',0,'oXfWfrhnBZGbJ4AvnQCjUeiDfrj26sMthGxTgqjsmh1pK2ryyU9QyDy4BCkS','2016-11-03 11:28:24','2016-11-03 22:48:06',NULL),(10,'chris','cdainesy','chris.daines87@gmail.com','$2y$10$lcITyYt2sd.bqR5KK8tHSukndb68g8.aKhpijMSlyWe/vzQyhLOFq',0,'PvEg4jmycT2Kw3QCD1sCFdFqIIQXGEI67ZTMptG4fvQLJWh9brC3k3j5IJTq','2016-11-03 12:01:12','2016-11-03 12:01:59',NULL),(11,'Michael McCormick','volkenzeo','lambastolemybaby@hotmail.co.uk','$2y$10$S508pwSp6HiUuTxVV7hJGOMfxzp9B8wTsCMpvGg4sa0QsR4L668qu',0,NULL,'2016-11-03 12:40:15','2016-11-03 12:40:15',NULL),(12,'Todd','Zyaldar','tmichaels89@gmail.com','$2y$10$43snXc2b3hhmYMOlFebq4e0U5SzfdfaCmQ.eNhoxvC1u17zYTur0u',0,NULL,'2016-11-03 12:48:16','2016-11-03 12:48:16',NULL),(13,'Ren','Freudinio','freudinio@gmail.com','$2y$10$T8PaXwzMDh.zHlFjLd1xX.LNdZi6GR8e8sUycqXqke2DBtd2/5XVK',0,NULL,'2016-11-03 12:58:06','2016-11-03 12:58:06',NULL),(14,'Alan','KingAlano','alan.ball.89@gmail.com','$2y$10$AH/xYZE8E0.qJaVhw4vVxOmPpeIW.yCkNuG1x6GDQgPseMgYbE1tW',0,NULL,'2016-11-03 14:34:30','2016-11-03 14:34:30',NULL),(15,'Connor Morrissey','Sephsta','conmorrissey@yahoo.com','$2y$10$i/OJ8RGokhFy4SAW9HMQzeCQp9bZPGDcG.mGDFK1S4jW4CZKoeuGq',0,'DrO2UCCJ9NoE1inSF7GyEP1eVgyyn2X9Cj6HzhKKRuUKaKQDslvUm8Uq3qjQ','2016-11-03 14:44:43','2016-11-03 15:09:58',NULL),(16,'Siobhan','kantes','kantes500@hotmail.com','$2y$10$4l0Za3JiLsOFHteCDK2Wy./FTi5.HU6pty9cUE53wNqEH2TKGf4Lm',0,NULL,'2016-11-03 14:53:11','2016-11-03 14:53:11',NULL),(17,'Lazarus','Lazaruskeen','Lazaruskeen@live.com','$2y$10$roCTdVXTZlIqUke8/JYtq.nYKlUDmmzel5/JuO1OuvR4ARxwm4ovS',0,NULL,'2016-11-03 15:17:48','2016-11-03 15:17:48',NULL),(18,'Howard','Tallahassee','howardish@hotmail.co.uk','$2y$10$s4fy9LsIX4rdl6mR90i6zOXsZQ8nIxwmV4PF4.Ztn2nGo4xU7eaee',0,NULL,'2016-11-03 15:32:01','2016-11-03 15:32:01',NULL),(19,'Walter McCormick','SkywalterDBZ','SkywalterDBZ@yahoo.com','$2y$10$KWaa.aBrvgtPeBRKcNkYpe8yUIV7HNwhQeIi8tFn9WRai0l8t78Vi',0,NULL,'2016-11-03 15:38:01','2016-11-03 15:38:01',NULL),(20,'Mark','MrMark','mrmarkcollins@gmail.com','$2y$10$3FcuEG8UQagYp2N1Iv3cUeWL.VsJFLycyaTF/ajExyQgxfwTE8LUa',0,NULL,'2016-11-03 19:24:03','2016-11-03 19:24:03',NULL),(21,'Daniel','chunchundan','CHUNCHUN.dg@gmail.com','$2y$10$eb3mgVIWCshTxht1sWcPHufnRdJuSI1z4m5m3P6WhO8e2nsO3cC/q',0,NULL,'2016-11-03 19:38:09','2016-11-03 19:38:09',NULL),(22,'Simon','AProtSkred','simondxn7@gmail.com','$2y$10$dKXjJpiGKnqCbSRtWmKL4e2q4pLtGKZyItWJEuGPRPewxVUtlbss6',0,NULL,'2016-11-03 19:47:51','2016-11-03 19:47:51',NULL),(23,'Dogma2097','dogma2097','swdickson@gmail.com','$2y$10$i8Qt5UwGOWDweKRZgZ0fDekoCQvpYMrvigwRkguYang6dEQ.4x7ze',0,NULL,'2016-11-03 20:42:00','2016-11-03 20:42:00',NULL),(24,'Igor','Dragonkus','shinryu963@yahoo.com','$2y$10$Mm1B8k9INTtnx3yOCc5CBOuqkT88LPTE6QQuZtEa5ScXpqsErxduq',0,NULL,'2016-11-03 20:46:14','2016-11-03 20:46:14',NULL),(25,'Anthony','Varkias','soulez@gmail.com','$2y$10$zvFdlq3dfTqXucJ1SpTZeuXcIwDAEC3SuDzsXV1lq1rDiwvp4ptJy',0,NULL,'2016-11-03 23:51:21','2016-11-03 23:51:21',NULL),(26,'Angel','pluticus','plutico@gmail.com','$2y$10$07dgGISoQkTWJugx4j.tneygG1.UQBSrnpWx8ninfzHFzLAMzo2wS',0,NULL,'2016-11-04 00:08:08','2016-11-04 00:08:08',NULL);
/*!40000 ALTER TABLE `users` ENABLE KEYS */;
UNLOCK TABLES;
/*!40103 SET TIME_ZONE=@OLD_TIME_ZONE */;

/*!40101 SET SQL_MODE=@OLD_SQL_MODE */;
/*!40014 SET FOREIGN_KEY_CHECKS=@OLD_FOREIGN_KEY_CHECKS */;
/*!40014 SET UNIQUE_CHECKS=@OLD_UNIQUE_CHECKS */;
/*!40101 SET CHARACTER_SET_CLIENT=@OLD_CHARACTER_SET_CLIENT */;
/*!40101 SET CHARACTER_SET_RESULTS=@OLD_CHARACTER_SET_RESULTS */;
/*!40101 SET COLLATION_CONNECTION=@OLD_COLLATION_CONNECTION */;
/*!40111 SET SQL_NOTES=@OLD_SQL_NOTES */;

-- Dump completed on 2016-11-04  1:17:28
